date,oven_id,layer_id,accumulation_hour,anomaly_total_number,lamp_id
2022/1/29,1B0,1,5994.0,3.0,23_26_120
2022/1/9,1B0,1,5599.0,3.0,84_85_87
2022/2/19,1B0,1,6435.0,3.0,98_102_105
2022/3/26,1B0,1,7085.0,2.0,57_74
2022/3/4,1B0,1,6641.0,2.0,10_21
2022/4/1,1B0,1,7203.0,3.0,7_36_51
2022/4/22,1B0,1,7559.0,2.0,55_64
2022/5/11,1B0,1,7872.0,2.0,17_75
2022/5/2,1B0,1,7703.0,2.0,45_71
2022/5/20,1B0,1,8038.0,2.0,3_40
2022/5/29,1B0,1,8206.0,3.0,2_83_99
2022/5/4,1B0,1,7731.0,,
2022/5/6,1B0,1,7775.0,2.0,43_60
2022/6/2,1B0,1,8298.0,,
2022/6/30,1B0,1,8723.0,,
2022/6/8,1B0,1,8407.0,3.0,6_30_83
2022/7/14,1B0,1,8879.0,2.0,53_100
2022/7/30,1B0,1,9093.0,,
2022/7/4,1B0,1,8742.0,2.0,49_111
2022/8/15,1B0,1,18438.0,2.0,19_28
2022/8/24,1B0,1,9295.0,2.0,66_77
2022/9/1,1B0,1,9367.0,,
2022/1/14,1B0,2,4179.0,2.0,38_116
2022/2/19,1B0,2,4919.0,1.0,51
2022/3/28,1B0,2,5727.0,2.0,63_93
2022/4/24,1B0,2,6203.0,3.0,15_95_77
2022/4/29,1B0,2,6293.0,3.0,15_89_113
2022/5/13,1B0,2,6554.0,3.0,38_46_58
2022/5/24,1B0,2,6772.0,2.0,13_44
2022/5/4,1B0,2,6388.0,,
2022/5/9,1B0,2,6486.0,3.0,25_91_97
2022/6/1,1B0,2,6934.0,1.0,55
2022/6/16,1B0,2,7212.0,3.0,76_87_89
2022/6/2,1B0,2,6962.0,,
2022/6/23,1B0,2,7335.0,2.0,29_117
2022/6/28,1B0,2,7419.0,3.0,3_65_79
2022/6/30,1B0,2,7444.0,,
2022/6/6,1B0,2,7012.0,2.0,38_59
2022/7/30,1B0,2,7822.0,,
2022/7/7,1B0,2,7964.0,2.0,17_104
2022/8/15,1B0,2,15926.0,2.0,9_109
2022/9/1,1B0,2,8140.0,,
2022/1/17,1B0,3,5848.0,3.0,56_98_102
2022/1/25,1B0,3,6000.0,3.0,34_77_85
2022/2/17,1B0,3,6421.0,2.0,70_110
2022/2/27,1B0,3,6615.0,3.0,64_68_118
2022/3/10,1B0,3,6811.0,2.0,111 _114
2022/3/23,1B0,3,7021.0,4.0,19_66_83_101
2022/4/11,1B0,3,7393.0,3.0,60_79_98
2022/4/24,1B0,3,7599.0,3.0,43_6_67
2022/5/11,1B0,3,7886.0,2.0,15_113
2022/5/23,1B0,3,8117.0,3.0,23_95_121
2022/5/29,1B0,3,8223.0,2.0,85_109
2022/5/4,1B0,3,7792.0,,
2022/5/6,1B0,3,7817.0,3.0,21_81_107
2022/6/11,1B0,3,8502.0,2.0,65_76
2022/6/2,1B0,3,8312.0,,
2022/6/20,1B0,3,8642.0,3.0,9_24_40
2022/6/30,1B0,3,8815.0,,
2022/7/18,1B0,3,7003.0,2.0,64_91
2022/7/30,1B0,3,9148.0,,
2022/7/4,1B0,3,8820.0,2.0,45_78
2022/8/15,1B0,3,17511.0,3.0,12_80_105
2022/8/6,1B0,3,9172.0,2.0,92_103
2022/9/1,1B0,3,9430.0,,
2022/1/4,1B0,4,4822.0,1.0,31
2022/3/10,1B0,4,6045.0,1.0,65
2022/3/15,1B0,4,6148.0,2.0,77_78
2022/3/21,1B0,4,6222.0,1.0,21
2022/3/4,1B0,4,5959.0,1.0,84
2022/4/1,1B0,4,6445.0,2.0,12_28
2022/4/14,1B0,4,6632.0,2.0,10_82
2022/4/24,1B0,4,6829.0,1.0,80
2022/4/26,1B0,4,6846.0,1.0,112
2022/5/13,1B0,4,7029.0,1.0,117
2022/5/15,1B0,4,7064.0,1.0,109
2022/5/25,1B0,4,7223.0,1.0,106
2022/5/28,1B0,4,7260.0,1.0,57
2022/5/4,1B0,4,6942.0,,
2022/6/16,1B0,4,7606.0,1.0,26
2022/6/2,1B0,4,7367.0,,
2022/6/25,1B0,4,7755.0,2.0,114_116
2022/6/30,1B0,4,7820.0,,
2022/6/7,1B0,4,7450.0,1.0,102
2022/6/9,1B0,4,7487.0,1.0,16
2022/7/12,1B0,4,7935.0,1.0,38
2022/7/30,1B0,4,8136.0,,
2022/7/5,1B0,4,7852.0,2.0,40_43
2022/8/15,1B0,4,8264.0,,
2022/8/6,1B0,4,8136.0,2.0,9_49
2022/9/1,1B0,4,8425.0,,
2055/5/27,1B0,4,7254.0,1.0,107
2021/12/27,1B0,5,5116.0,2.0,26_49
2022/1/9,1B0,5,5394.0,3.0,24_96_102
2022/2/10,1B0,5,5983.0,2.0,45_85
2022/2/27,1B0,5,6171.0,3.0,85_88_108
2022/3/21,1B0,5,6573.0,3.0,34_63_95
2022/4/14,1B0,5,6996.0,2.0,39_89
2022/4/3,1B0,5,6824.0,2.0,72_113
2022/5/2,1B0,5,7333.0,2.0,68_105
2022/5/4,1B0,5,7361.0,,
2022/5/6,1B0,5,7392.0,3.0,23_107_115
2022/6/14,1B0,5,8127.0,3.0,15_21_100
2022/6/18,1B0,5,8163.0,3.0,1_25_43
2022/6/2,1B0,5,7931.0,,
2022/6/20,1B0,5,8221.0,3.0,109_111_121
2022/6/28,1B0,5,8345.0,3.0,66_67_78
2022/6/30,1B0,5,8369.0,,
2022/6/4,1B0,5,7941.0,3.0,10_28_91
2022/7/30,1B0,5,17363.0,2.0,22_88
2022/7/8,1B0,5,8462.0,4.0,51_86_87_88
2022/8/15,1B0,5,8872.0,,
2022/9/1,1B0,5,9027.0,,
2022/1/9,1B0,6,5284.0,2.0,79_110
2022/3/4,1B0,6,6411.0,4.0,10_30_89_105
2022/4/22,1B0,6,7399.0,3.0,19_30_43
2022/4/29,1B0,6,7534.0,4.0,27_32_63_117
2022/5/17,1B0,6,7876.0,3.0,24_41_87
2022/5/4,1B0,6,7622.0,,
2022/6/15,1B0,6,8458.0,2.0,15_96
2022/6/2,1B0,6,8209.0,,
2022/6/27,1B0,6,8343.0,4.0,35_106_108_111
2022/6/30,1B0,6,8705.0,,
2022/6/4,1B0,6,8239.0,3.0,25_83_92
2022/7/30,1B0,6,9084.0,,
2022/8/15,1B0,6,9250.0,,
2022/8/24,1B0,6,9326.0,3.0,31_55_82
2022/9/1,1B0,6,9389.0,,
2022/1/4,1B0,7,5011.0,3.0,59_89_109
2022/2/27,1B0,7,6042.0,3.0,50_81_100
2022/4/3,1B0,7,6782.0,3.0,40_52_115
2022/5/17,1B0,7,7614.0,3.0,24_68_117
2022/5/25,1B0,7,8032.0,2.0,77_100
2022/5/4,1B0,7,7344.0,,
2022/6/11,1B0,7,8114.0,3.0,64_97_104
2022/6/2,1B0,7,7934.0,,
2022/6/22,1B0,7,8039.0,3.0,10_17_51
2022/6/30,1B0,7,8444.0,,
2022/7/14,1B0,7,8558.0,1.0,107
2022/7/18,1B0,7,8659.0,1.0,17
2022/7/30,1B0,7,8762.0,,
2022/7/5,1B0,7,8472.0,2.0,82_96
2022/8/15,1B0,7,8923.0,,
2022/8/22,1B0,7,8956.0,3.0,43_87_112
2022/8/30,1B0,7,9056.0,3.0,25_70_118
2022/9/1,1B0,7,9061.0,,
2022/2/27,1B0,8,6344.0,3.0,12_56_111
2022/2/3,1B0,8,5940.0,3.0,100_113_117
2022/4/18,1B0,8,7270.0,3.0,8_41_58
2022/4/29,1B0,8,7469.0,3.0,5_53_85
2022/4/7,1B0,8,7096.0,3.0,19_15_115
2022/5/17,1B0,8,7774.0,3.0,13_55_118
2022/5/21,1B0,8,7846.0,3.0,17_110_119
2022/5/4,1B0,8,7562.0,,
2022/5/9,1B0,8,7624.0,2.0,87_106
2022/6/11,1B0,8,8266.0,3.0,49_95_105
2022/6/2,1B0,8,8102.0,,
2022/6/20,1B0,8,8391.0,2.0,34_45
2022/6/24,1B0,8,8459.0,3.0,21_92_121
2022/6/30,1B0,8,8541.0,,
2022/6/9,1B0,8,8221.0,2.0,26_79
2022/7/30,1B0,8,8891.0,,
2022/7/7,1B0,8,7706.0,3.0,6_37_48
2022/8/10,1B0,8,8955.0,2.0,35_36
2022/8/15,1B0,8,9031.0,,
2022/8/30,1B0,8,9161.0,3.0,32_43_29
2022/9/1,1B0,8,9166.0,,
2022/1/14,1B0,9,5235.0,1.0,72
2022/4/11,1B0,9,7002.0,2.0,15_39
2022/4/20,1B0,9,7147.0,2.0,62_54
2022/4/22,1B0,9,7183.0,2.0,1_23
2022/5/21,1B0,9,7722.0,3.0,21_28_87
2022/5/28,1B0,9,7867.0,2.0,72_73
2022/5/29,1B0,9,7876.0,2.0,6_31
2022/5/4,1B0,9,7407.0,,
2022/5/9,1B0,9,7483.0,2.0,50_113
2022/6/10,1B0,9,8119.0,2.0,24_102
2022/6/11,1B0,9,8136.0,3.0,10_59_108
2022/6/15,1B0,9,8203.0,2.0,66_90
2022/6/17,1B0,9,8233.0,2.0,34_81
2022/6/2,1B0,9,7966.0,,
2022/6/30,1B0,9,8455.0,,
2022/6/9,1B0,9,8100.0,1.0,106
2022/7/30,1B0,9,8794.0,,
2022/7/8,1B0,9,8547.0,2.0,5_20
2022/8/10,1B0,9,8842.0,2.0,70_79
2022/8/15,1B0,9,8917.0,,
2022/8/30,1B0,9,9047.0,2.0,13_64
2022/9/1,1B0,9,9052.0,,
2022/1/25,1B0,10,5628.0,3.0,23_28_36
2022/4/28,1B0,10,7488.0,3.0,60_75_93
2022/5/18,1B0,10,7822.0,3.0,79_113_116
2022/5/21,1B0,10,7879.0,3.0,13_76_101
2022/5/4,1B0,10,15130.0,3.0,15_37_117
2022/6/14,1B0,10,8335.0,3.0,58_86_88
2022/6/2,1B0,10,8129.0,,
2022/6/30,1B0,10,8616.0,,
2022/6/6,1B0,10,8171.0,3.0,21_97_104
2022/7/30,1B0,10,8969.0,,
2022/8/15,1B0,10,9123.0,,
2022/8/3,1B0,10,8966.0,3.0,10_24_56
2022/9/1,1B0,10,9274.0,,
2022/1/29,1B0,11,5722.0,3.0,7_45_46
2022/1/4,1B0,11,5226.0,2.0,32_81
2022/3/21,1B0,11,6758.0,3.0,12_52_67
2022/3/26,1B0,11,6842.0,3.0,56_109_106
2022/3/4,1B0,11,6403.0,3.0,36_48_86
2022/4/26,1B0,11,7340.0,3.0,20_55_60
2022/4/9,1B0,11,7069.0,3.0,13_114_115
2022/5/15,1B0,11,7705.0,3.0,23_39_70
2022/5/30,1B0,11,7992.0,1.0,108
2022/5/31,1B0,11,7998.0,2.0,65_68
2022/5/4,1B0,11,7497.0,,
2022/6/14,1B0,11,8222.0,3.0,24_43_81
2022/6/2,1B0,11,8045.0,,
2022/6/22,1B0,11,8358.0,2.0,51_118
2022/6/30,1B0,11,8491.0,,
2022/6/6,1B0,11,8103.0,3.0,31_54_102
2022/7/12,1B0,11,8621.0,2.0,28_34
2022/7/18,1B0,11,8692.0,3.0,50_65_111
2022/7/30,1B0,11,8830.0,,
2022/8/15,1B0,11,17951.0,3.0,18_76_92
2022/9/1,1B0,11,9130.0,,
2022/1/4,1B0,12,5129.0,3.0,47_87_110
2022/2/19,1B0,12,6050.0,3.0,64_77_79
2022/3/26,1B0,12,6771.0,2.0,54_17
2022/4/16,1B0,12,7108.0,3.0,100_51_42
2022/5/15,1B0,12,7668.0,2.0,36_107
2022/5/2,1B0,12,7417.0,2.0,34_40
2022/5/31,1B0,12,7982.0,3.0,31_45_55
2022/5/4,1B0,12,7455.0,,
2022/6/2,1B0,12,8031.0,,
2022/6/23,1B0,12,8434.0,2.0,27_119
2022/6/30,1B0,12,8544.0,,
2022/7/30,1B0,12,17599.0,2.0,24_28
2022/7/4,1B0,12,8554.0,2.0,5_116
2022/8/15,1B0,12,8976.0,,
2022/8/29,1B0,12,9092.0,3.0,66_89_91
2022/8/6,1B0,12,8853.0,2.0,75_89
2022/9/1,1B0,12,9120.0,,
2022/2/3,1B0,13,6742.0,3.0,26_58_106
2022/3/15,1B0,13,6557.0,3.0,10_49_83
2022/4/26,1B0,13,7332.0,3.0,36_17_66
2022/5/30,1B0,13,7972.0,3.0,40_43_46
2022/5/4,1B0,13,7487.0,,
2022/6/2,1B0,13,8086.0,,
2022/6/23,1B0,13,8486.0,3.0,42_93_107
2022/6/30,1B0,13,8595.0,,
2022/7/30,1B0,13,8926.0,,
2022/8/15,1B0,13,9083.0,,
2022/8/3,1B0,13,8922.0,3.0,6_85_121
2022/9/1,1B0,13,9234.0,,
2002/5/14,1B0,14,7512.0,4.0,18_20_37_57
2022/2/3,1B0,14,5620.0,2.0,60_109
2022/3/23,1B0,14,6612.0,3.0,28_78_93
2022/4/18,1B0,14,7025.0,3.0,24_67_75
2022/4/9,1B0,14,6897.0,3.0,40_75_110
2022/5/4,1B0,14,7322.0,,
2022/6/10,1B0,14,8023.0,3.0,42_92_108
2022/6/16,1B0,14,8118.0,3.0,2_22_59
2022/6/2,1B0,14,15792.0,3.0,5_34_38
2022/6/27,1B0,14,8361.0,3.0,36_65_83
2022/6/30,1B0,14,8333.0,,
2022/6/6,1B0,14,7959.0,3.0,26_45_74
2022/7/30,1B0,14,8694.0,,
2022/8/10,1B0,14,8720.0,3.0,9_79_112
2022/8/15,1B0,14,8846.0,,
2022/9/1,1B0,14,8993.0,,
2022/3/10,1B0,15,6323.0,3.0,16_54_76
2022/4/20,1B0,15,7116.0,3.0,47_87_107
2022/4/28,1B0,15,7255.0,3.0,15_74_104
2022/4/7,1B0,15,6889.0,3.0,14_38_56
2022/5/23,1B0,15,7699.0,3.0,26_51_58
2022/5/30,1B0,15,7829.0,3.0,5_43_109
2022/5/4,1B0,15,14700.0,3.0,55_77_98
2022/6/11,1B0,15,8064.0,3.0,6_19_57
2022/6/2,1B0,15,7896.0,,
2022/6/20,1B0,15,8214.0,3.0,30_93_108
2022/6/27,1B0,15,8337.0,3.0,13_45_106
2022/6/30,1B0,15,8368.0,,
2022/7/14,1B0,15,8522.0,3.0,2_25_100
2022/7/30,1B0,15,8721.0,,
2022/8/15,1B0,15,17731.0,3.0,10_53_94
2022/8/30,1B0,15,9045.0,3.0,49_60_96
2022/9/1,1B0,15,8996.0,,
2022/2/3,1B0,16,5654.0,3.0,55_21_62
2022/3/26,1B0,16,6661.0,3.0,27_108_109
2022/4/22,1B0,16,7155.0,3.0,43_83_79
2022/5/2,1B0,16,7330.0,3.0,81_96_110
2022/5/23,1B0,16,7713.0,2.0,53_119
2022/5/4,1B0,16,7359.0,,
2022/6/18,1B0,16,8214.0,3.0,15_31_105
2022/6/2,1B0,16,7918.0,,
2022/6/30,1B0,16,8424.0,,
2022/6/6,1B0,16,7994.0,3.0,66_102_106
2022/7/30,1B0,16,8777.0,,
2022/7/5,1B0,16,8462.0,3.0,8_32_45
2022/8/15,1B0,16,8930.0,,
2022/8/22,1B0,16,8967.0,3.0,7_65_67
2022/9/1,1B0,16,9050.0,,
2022/1/17,1B0,17,5334.0,2.0,42_47
2022/3/10,1B0,17,6353.0,3.0,13_45_100
2022/4/24,1B0,17,7220.0,3.0,58_17_101
2022/5/23,1B0,17,7749.0,3.0,21_111_119
2022/5/30,1B0,17,7877.0,3.0,19_31_46
2022/5/4,1B0,17,14809.0,3.0,40_102_17
2022/6/2,1B0,17,7938.0,,
2022/6/23,1B0,17,8338.0,3.0,41_60_68
2022/6/30,1B0,17,8448.0,,
2022/6/6,1B0,17,8014.0,3.0,20_80_98
2022/7/14,1B0,17,8592.0,3.0,26_38_55
2022/7/30,1B0,17,8790.0,,
2022/8/10,1B0,17,8853.0,3.0,24_65_85
2022/8/15,1B0,17,8926.0,,
2022/8/29,1B0,17,9036.0,1.0,104
2022/9/1,1B0,17,9061.0,,
2022/1/9,1B0,18,5007.0,3.0,47_50_120
2022/3/28,1B0,18,6581.0,3.0,34_78_90
2022/3/4,1B0,18,6076.0,3.0,2_13_52
2022/4/22,1B0,18,7018.0,3.0,56_66_75
2022/5/23,1B0,18,7579.0,3.0,50_70_119
2022/5/29,1B0,18,7689.0,3.0,47_92_98
2022/5/4,1B0,18,7229.0,,
2022/6/2,1B0,18,7771.0,,
2022/6/30,1B0,18,8287.0,,
2022/7/30,1B0,18,8627.0,,
2022/7/5,1B0,18,8318.0,3.0,53_58_63
2022/8/15,1B0,18,17521.0,3.0,71_73_55
2022/9/1,1B0,18,8907.0,,
2022/5/4,1B0,19,2702.0,,
2022/6/2,1B0,19,3292.0,,
2022/6/30,1B0,19,3805.0,,
2022/7/30,1B0,19,8222.0,3.0,40_100_113
2022/8/15,1B0,19,4293.0,,
2022/9/1,1B0,19,4435.0,,
2002/5/14,1C0,1,6827.0,2.0,5_96
2022/1/25,1C0,1,5279.0,1.0,12
2022/1/29,1C0,1,5312.0,1.0,25
2022/1/4,1C0,1,4878.0,2.0,9_81
2022/2/10,1C0,1,5497.0,1.0,15
2022/2/17,1C0,1,5520.0,2.0,6_19
2022/2/27,1C0,1,5601.0,2.0,80_116
2022/2/3,1C0,1,5414.0,2.0,41_74
2022/3/15,1C0,1,6532.0,2.0,42_93
2022/3/23,1C0,1,6052.0,1.0,105
2022/3/26,1C0,1,6054.0,2.0,54_121
2022/3/31,1C0,1,6157.0,2.0,55_57
2022/4/18,1C0,1,6432.0,2.0,17_104
2022/4/20,1C0,1,6467.0,2.0,75_36
2022/4/22,1C0,1,6479.0,2.0,72_89
2022/4/3,1C0,1,6194.0,2.0,68_76
2022/5/16,1C0,1,6868.0,2.0,77_92
2022/5/19,1C0,1,6916.0,1.0,30
2022/5/2,1C0,1,6633.0,1.0,109
2022/5/21,1C0,1,6951.0,2.0,28_79
2022/5/25,1C0,1,7015.0,2.0,10_13
2022/5/28,1C0,1,7079.0,1.0,46
2022/5/4,1C0,1,6661.0,,
2022/5/6,1C0,1,6691.0,2.0,34_50
2022/6/17,1C0,1,7440.0,1.0,83
2022/6/2,1C0,1,7180.0,,
2022/6/20,1C0,1,7484.0,1.0,16
2022/6/27,1C0,1,7595.0,1.0,44
2022/6/30,1C0,1,7628.0,,
2022/6/6,1C0,1,7247.0,1.0,107
2022/6/7,1C0,1,7267.0,2.0,22_69
2022/7/18,1C0,1,7053.0,2.0,4_9
2022/7/30,1C0,1,15823.0,1.0,59
2022/7/5,1C0,1,7670.0,2.0,102_111
2022/7/7,1C0,1,8606.0,1.0,27
2022/8/15,1C0,1,8050.0,,
2022/8/19,1C0,1,8054.0,2.0,9_100
2022/8/6,1C0,1,7938.0,2.0,87_106
2022/9/1,1C0,1,8185.0,,
2022/1/17,1C0,2,5420.0,2.0,67_72
2022/2/10,1C0,2,5861.0,2.0,108_47
2022/2/3,1C0,2,5758.0,2.0,59_26
2022/3/15,1C0,2,5891.0,2.0,85_92
2022/4/20,1C0,2,7184.0,2.0,83_113
2022/4/24,1C0,2,7253.0,2.0,70_76
2022/4/28,1C0,2,7317.0,2.0,100_114
2022/5/16,1C0,2,7637.0,2.0,87_102
2022/5/26,1C0,2,7815.0,2.0,56_58
2022/5/4,1C0,2,7432.0,,
2022/5/9,1C0,2,7506.0,2.0,42_74
2022/6/11,1C0,2,8123.0,2.0,19_43
2022/6/17,1C0,2,8229.0,1.0,6
2022/6/2,1C0,2,7957.0,,
2022/6/20,1C0,2,8260.0,2.0,13_28
2022/6/23,1C0,2,8295.0,1.0,40
2022/6/27,1C0,2,8357.0,1.0,33
2022/6/30,1C0,2,8389.0,,
2022/6/4,1C0,2,7971.0,2.0,10_16
2022/7/30,1C0,2,262.0,,
2022/7/4,1C0,2,8406.0,2.0,12_32
2022/8/15,1C0,2,413.0,,
2022/9/1,1C0,2,556.0,,
2021/12/27,1C0,3,4699.0,2.0,45_91
2022/1/17,1C0,3,5095.0,2.0,81_120
2022/3/28,1C0,3,6850.0,2.0,47_89
2022/4/18,1C0,3,6874.0,2.0,41_79
2022/5/18,1C0,3,7428.0,2.0,6_117
2022/5/2,1C0,3,7129.0,2.0,15_117
2022/5/23,1C0,3,7504.0,2.0,26_36
2022/5/31,1C0,3,7654.0,3.0,21_94_120
2022/5/4,1C0,3,7158.0,,
2022/5/6,1C0,3,7483.0,2.0,98_104
2022/6/14,1C0,3,7911.0,2.0,58_116
2022/6/2,1C0,3,7700.0,,
2022/6/24,1C0,3,8086.0,3.0,2_81_111
2022/6/30,1C0,3,8164.0,,
2022/7/30,1C0,3,150.0,,
2022/8/15,1C0,3,200.0,,
2022/9/1,1C0,3,347.0,,
2022/2/17,1C0,4,5949.0,2.0,78_98
2022/2/3,1C0,4,5685.0,2.0,30_33
2022/3/26,1C0,4,6622.0,2.0,76_83
2022/3/4,1C0,4,6177.0,2.0,14_24
2022/3/7,1C0,4,6214.0,2.0,8_96
2022/4/18,1C0,4,715.0,2.0,81_119
2022/5/11,1C0,4,7425.0,2.0,26_92
2022/5/2,1C0,4,7261.0,2.0,43_74
2022/5/21,1C0,4,7616.0,2.0,45_82
2022/5/25,1C0,4,7690.0,2.0,20_25
2022/5/30,1C0,4,7787.0,2.0,40_73
2022/5/4,1C0,4,7288.0,,
2022/6/2,1C0,4,7849.0,,
2022/6/20,1C0,4,8154.0,2.0,108_118
2022/6/27,1C0,4,8262.0,1.0,36
2022/6/30,1C0,4,8294.0,,
2022/6/6,1C0,4,7899.0,2.0,65_120
2022/7/16,1C0,4,8482.0,2.0,48_100
2022/7/30,1C0,4,17102.0,2.0,10_41
2022/7/8,1C0,4,8394.0,2.0,3_15
2022/8/15,1C0,4,8720.0,,
2022/9/1,1C0,4,8849.0,,
2022/1/14,1C0,5,4973.0,2.0,27_45
2022/2/10,1C0,5,5403.0,2.0,58_105
2022/3/26,1C0,5,6216.0,2.0,121_98
2022/4/16,1C0,5,7178.0,2.0,119_106
2022/5/13,1C0,5,7639.0,1.0,87
2022/5/21,1C0,5,7797.0,1.0,41
2022/5/23,1C0,5,7836.0,2.0,63_68
2022/5/31,1C0,5,7983.0,2.0,17_31
2022/5/4,1C0,5,7516.0,,
2022/5/6,1C0,5,7540.0,2.0,72_104
2022/6/11,1C0,5,8221.0,1.0,117
2022/6/16,1C0,5,8302.0,2.0,78_82
2022/6/2,1C0,5,8031.0,,
2022/6/25,1C0,5,8472.0,2.0,34_66
2022/6/30,1C0,5,8534.0,,
2022/7/14,1C0,5,8624.0,2.0,27_79
2022/7/30,1C0,5,267.0,,
2022/7/7,1C0,5,8611.0,2.0,44_50
2022/8/15,1C0,5,409.0,,
2022/9/1,1C0,5,539.0,,
2022/1/29,1C0,6,5534.0,2.0,47_121
2022/2/17,1C0,6,5815.0,2.0,49_89
2022/3/21,1C0,6,6456.0,2.0,50_51
2022/3/28,1C0,6,6610.0,2.0,117_106
2022/4/11,1C0,6,6828.0,2.0,28_38
2022/4/28,1C0,6,7075.0,2.0,69_76
2022/5/21,1C0,6,7509.0,2.0,6_66
2022/5/24,1C0,6,7556.0,2.0,110_116
2022/5/4,1C0,6,7186.0,,
2022/5/6,1C0,6,7236.0,2.0,73_107
2022/6/14,1C0,6,7955.0,2.0,78_102
2022/6/2,1C0,6,7739.0,,
2022/6/25,1C0,6,8149.0,2.0,81_83
2022/6/29,1C0,6,8193.0,1.0,36
2022/6/30,1C0,6,8194.0,,
2022/6/8,1C0,6,7842.0,2.0,34_98
2022/7/30,1C0,6,16879.0,2.0,65_109
2022/7/4,1C0,6,8204.0,2.0,101_115
2022/7/7,1C0,6,8235.0,1.0,79
2022/8/15,1C0,6,8582.0,,
2022/8/24,1C0,6,8641.0,2.0,19_41
2022/8/31,1C0,6,8698.0,2.0,26_68
2022/8/6,1C0,6,8483.0,2.0,27_104
2022/9/1,1C0,6,8698.0,,
2022/2/17,1C0,7,5848.0,2.0,25_92
2022/3/7,1C0,7,6198.0,2.0,27_65
2022/4/16,1C0,7,6962.0,2.0,76_4
2022/5/2,1C0,7,7225.0,2.0,30_53
2022/5/31,1C0,7,7789.0,2.0,42_66
2022/5/4,1C0,7,7252.0,,
2022/6/10,1C0,7,7983.0,1.0,31
2022/6/14,1C0,7,8052.0,2.0,11_60
2022/6/17,1C0,7,8099.0,2.0,109_117
2022/6/2,1C0,7,7833.0,,
2022/6/30,1C0,7,8312.0,,
2022/7/16,1C0,7,8096.0,2.0,91_106
2022/7/30,1C0,7,8644.0,,
2022/8/15,1C0,7,8782.0,,
2022/8/22,1C0,7,8796.0,1.0,119
2022/9/1,1C0,7,8883.0,,
2022/1/29,1C0,8,5380.0,2.0,11_102
2022/3/31,1C0,8,6627.0,2.0,84_96
2022/4/11,1C0,8,6788.0,2.0,6_49
2022/5/2,1C0,8,7107.0,2.0,68_97
2022/5/23,1C0,8,7466.0,1.0,119
2022/5/25,1C0,8,7499.0,1.0,78
2022/5/4,1C0,8,7133.0,,
2022/6/16,1C0,8,7887.0,2.0,3_82
2022/6/2,1C0,8,7658.0,,
2022/6/23,1C0,8,8008.0,1.0,104
2022/6/30,1C0,8,8113.0,,
2022/6/6,1C0,8,7706.0,1.0,21
2022/7/14,1C0,8,8255.0,2.0,12_100
2022/7/30,1C0,8,150.0,,
2022/8/15,1C0,8,174.0,,
2022/8/19,1C0,8,181.0,2.0,41_43
2022/9/1,1C0,8,283.0,,
2055/5/27,1C0,8,7531.0,1.0,58
2022/2/10,1C0,9,5484.0,2.0,68_121
2022/3/21,1C0,9,6264.0,2.0,47_92
2022/5/28,1C0,9,7540.0,2.0,38_79
2022/5/31,1C0,9,7588.0,2.0,24_106
2022/5/4,1C0,9,7080.0,,
2022/6/2,1C0,9,15220.0,2.0,28_41
2022/6/23,1C0,9,8011.0,2.0,45_58
2022/6/30,1C0,9,8115.0,,
2022/7/18,1C0,9,7053.0,2.0,2_104
2022/7/30,1C0,9,8416.0,,
2022/7/7,1C0,9,8181.0,2.0,19_119
2022/8/15,1C0,9,17000.0,2.0,40_76
2022/8/24,1C0,9,8547.0,1.0,36
2022/8/6,1C0,9,8444.0,2.0,74_106
2022/9/1,1C0,9,8602.0,,
2022/2/11,1C0,10,5457.0,2.0,103_100
2022/4/28,1C0,10,6885.0,2.0,48_89
2022/4/3,1C0,10,6492.0,2.0,41_98
2022/5/2,1C0,10,6942.0,1.0,67
2022/5/31,1C0,10,7420.0,2.0,47_78
2022/5/4,1C0,10,6968.0,,
2022/5/9,1C0,10,7009.0,2.0,100_117
2022/6/2,1C0,10,7463.0,,
2022/6/20,1C0,10,7786.0,2.0,51_92
2022/6/30,1C0,10,7945.0,,
2022/7/16,1C0,10,7980.0,2.0,84_96
2022/7/30,1C0,10,8254.0,,
2022/7/4,1C0,10,7950.0,2.0,105_119
2022/8/10,1C0,10,8324.0,2.0,13_65
2022/8/15,1C0,10,8382.0,,
2022/9/1,1C0,10,8495.0,,
2022/1/9,1C0,11,4598.0,2.0,98_97
2022/2/17,1C0,11,5374.0,2.0,39_89
2022/3/28,1C0,11,6174.0,2.0,15_111
2022/3/7,1C0,11,5722.0,2.0,6_87
2022/4/18,1C0,11,6532.0,2.0,13_116
2022/4/29,1C0,11,6713.0,2.0,38_24
2022/5/13,1C0,11,6956.0,2.0,12_21
2022/5/19,1C0,11,7070.0,2.0,21_117
2022/5/4,1C0,11,13619.0,2.0,10_23
2022/6/18,1C0,11,7633.0,2.0,113_115
2022/6/2,1C0,11,7337.0,,
2022/6/30,1C0,11,7833.0,,
2022/7/16,1C0,11,8175.0,2.0,66_76
2022/7/30,1C0,11,8135.0,,
2022/7/5,1C0,11,7864.0,2.0,17_101
2022/8/15,1C0,11,8231.0,,
2022/8/6,1C0,11,8137.0,2.0,60_78
2022/9/1,1C0,11,8346.0,,
2022/1/14,1C0,12,4930.0,2.0,46_80
2022/3/26,1C0,12,6329.0,2.0,77_81
2022/5/13,1C0,12,7174.0,2.0,34_98
2022/5/4,1C0,12,14060.0,2.0,20_37
2022/6/2,1C0,12,15112.0,2.0,52_77
2022/6/30,1C0,12,8064.0,,
2022/7/1,1C0,12,8064.0,2.0,30_47
2022/7/30,1C0,12,8408.0,,
2022/8/15,1C0,12,8536.0,,
2022/9/1,1C0,12,8644.0,,
2022/4/18,1C0,13,6716.0,1.0,89
2022/4/3,1C0,13,6497.0,1.0,42
2022/5/15,1C0,13,7212.0,1.0,12
2022/5/16,1C0,13,7226.0,1.0,91
2022/5/18,1C0,13,7231.0,1.0,100
2022/5/25,1C0,13,7349.0,1.0,102
2022/5/29,1C0,13,7412.0,1.0,56
2022/5/4,1C0,13,6998.0,,
2022/6/2,1C0,13,14964.0,1.0,113
2022/6/23,1C0,13,7847.0,2.0,24_64
2022/6/30,1C0,13,7946.0,,
2022/6/7,1C0,13,7561.0,1.0,92
2022/6/9,1C0,13,7595.0,2.0,7_53
2022/7/30,1C0,13,8275.0,,
2022/7/8,1C0,13,8037.0,2.0,10_20
2022/8/15,1C0,13,8394.0,,
2022/8/24,1C0,13,8446.0,3.0,23_40_108
2022/8/3,1C0,13,8272.0,2.0,33_120
2022/8/6,1C0,13,8303.0,2.0,19_104
2022/9/1,1C0,13,8495.0,,
2055/5/27,1C0,13,7371.0,1.0,58
2022/4/26,1C0,14,6844.0,2.0,66_26
2022/4/9,1C0,14,6520.0,2.0,21_58
2022/5/13,1C0,14,7145.0,2.0,14_19
2022/5/15,1C0,14,7180.0,1.0,51
2022/5/4,1C0,14,6993.0,,
2022/6/1,1C0,14,7446.0,2.0,55_68
2022/6/2,1C0,14,7521.0,,
2022/6/27,1C0,14,7976.0,2.0,11_85
2022/6/30,1C0,14,8007.0,,
2022/6/6,1C0,14,7584.0,2.0,9_49
2022/7/14,1C0,14,8156.0,2.0,17_104
2022/7/16,1C0,14,7996.0,2.0,62_87
2022/7/18,1C0,14,8372.0,1.0,15
2022/7/30,1C0,14,8304.0,,
2022/8/15,1C0,14,16802.0,1.0,93
2022/9/1,1C0,14,8511.0,,
2022/4/18,1C0,15,6629.0,2.0,81_98
2022/5/11,1C0,15,7029.0,2.0,8_60
2022/5/21,1C0,15,7208.0,1.0,65
2022/5/30,1C0,15,7368.0,2.0,47_106
2022/5/4,1C0,15,6911.0,,
2022/6/11,1C0,15,7611.0,2.0,23_68
2022/6/2,1C0,15,7432.0,,
2022/6/30,1C0,15,7928.0,,
2022/7/18,1C0,15,8101.0,2.0,81_117
2022/7/30,1C0,15,16372.0,2.0,66_121
2022/7/8,1C0,15,8018.0,2.0,6_119
2022/8/15,1C0,15,16618.0,2.0,40_94
2022/8/3,1C0,15,8203.0,1.0,76
2022/9/1,1C0,15,150.0,,
2022/5/17,1C0,16,7229.0,2.0,102_117
2022/5/4,1C0,16,6856.0,,
2022/6/10,1C0,16,7554.0,1.0,17
2022/6/2,1C0,16,7411.0,,
2022/6/21,1C0,16,7741.0,2.0,21_26
2022/6/30,1C0,16,7885.0,,
2022/7/18,1C0,16,8068.0,2.0,83_100
2022/7/30,1C0,16,8198.0,,
2022/7/7,1C0,16,7525.0,2.0,81_104
2022/8/15,1C0,16,8319.0,,
2022/9/1,1C0,16,8419.0,,
2022/4/24,1C0,17,6731.0,2.0,6_25
2022/5/23,1C0,17,7253.0,2.0,26_66
2022/5/31,1C0,17,7389.0,2.0,4_21
2022/5/4,1C0,17,6906.0,,
2022/6/11,1C0,17,7565.0,2.0,17_55
2022/6/2,1C0,17,7433.0,,
2022/6/27,1C0,17,7825.0,1.0,27
2022/6/28,1C0,17,7831.0,2.0,3_56
2022/6/30,1C0,17,7852.0,,
2022/6/6,1C0,17,7475.0,2.0,43_108
2022/7/16,1C0,17,7961.0,2.0,41_117
2022/7/30,1C0,17,8155.0,,
2022/7/4,1C0,17,7867.0,2.0,12_79
2022/7/8,1C0,17,7928.0,2.0,11_53
2022/8/15,1C0,17,16535.0,2.0,49_109
2022/8/24,1C0,17,8316.0,2.0,10_87
2022/9/1,1C0,17,8370.0,,
2022/3/4,1C0,18,5731.0,2.0,107_116
2022/4/22,1C0,18,6604.0,2.0,49_113
2022/5/19,1C0,18,7099.0,2.0,4_24
2022/5/26,1C0,18,7214.0,2.0,2_96
2022/5/4,1C0,18,6814.0,,
2022/6/10,1C0,18,7501.0,2.0,21_122
2022/6/14,1C0,18,7533.0,2.0,8_22
2022/6/2,1C0,18,7340.0,,
2022/6/20,1C0,18,7605.0,2.0,66_78
2022/6/30,1C0,18,7765.0,,
2022/7/30,1C0,18,8102.0,,
2022/8/15,1C0,18,8226.0,,
2022/8/24,1C0,18,8273.0,2.0,19_53
2022/9/1,1C0,18,8312.0,,
2022/1/29,1C0,19,5061.0,1.0,69
2022/2/10,1C0,19,5280.0,1.0,65
2022/5/19,1C0,19,7080.0,1.0,12
2022/5/4,1C0,19,6793.0,,
2022/6/10,1C0,19,7487.0,1.0,76
2022/6/2,1C0,19,7346.0,,
2022/6/30,1C0,19,7818.0,,
2022/7/16,1C0,19,8705.0,2.0,92_102
2022/7/30,1C0,19,8119.0,,
2022/7/4,1C0,19,7825.0,2.0,41_108
2022/7/7,1C0,19,7872.0,2.0,91_121
2022/8/15,1C0,19,8225.0,,
2022/8/6,1C0,19,8129.0,2.0,45_74
2022/9/1,1C0,19,8322.0,,
2055/5/27,1C0,19,7224.0,1.0,105
2022/1/29,1D0,1,4820.0,2.0,3_104
2022/2/10,1D0,1,5039.0,1.0,81
2022/2/17,1D0,1,5174.0,1.0,94
2022/2/3,1D0,1,4926.0,2.0,42_102
2022/3/23,1D0,1,5731.0,2.0,21_68
2022/3/31,1D0,1,5894.0,3.0,49_50_104
2022/4/16,1D0,1,6110.0,2.0,77_113
2022/4/3,1D0,1,5921.0,2.0,15_30
2022/5/13,1D0,1,6575.0,3.0,60_78_103
2022/5/24,1D0,1,6780.0,3.0,35_40_105
2022/5/29,1D0,1,6873.0,2.0,84_107
2022/5/4,1D0,1,6428.0,,
2022/6/15,1D0,1,7200.0,2.0,47_65
2022/6/2,1D0,1,6953.0,,
2022/6/30,1D0,1,7455.0,,
2022/7/12,1D0,1,7569.0,2.0,52_112
2022/7/19,1D0,1,7647.0,4.0,1_51_66_105
2022/7/30,1D0,1,7765.0,,
2022/7/4,1D0,1,7472.0,2.0,45_96
2022/8/15,1D0,1,15819.0,3.0,80_98_104
2022/8/24,1D0,1,7959.0,2.0,62_73
2022/8/8,1D0,1,7799.0,3.0,28_32_75
2022/9/1,1D0,1,8003.0,,
2022/1/14,1D0,2,4862.0,1.0,68
2022/3/10,1D0,2,5930.0,2.0,6_94
2022/3/26,1D0,2,6251.0,2.0,37_117
2022/4/18,1D0,2,6622.0,3.0,4_32_81
2022/4/29,1D0,2,6784.0,3.0,98_102_114
2022/5/13,1D0,2,7014.0,3.0,2_83_119
2022/5/17,1D0,2,7095.0,3.0,71_113_115
2022/5/23,1D0,2,7166.0,1.0,108
2022/5/31,1D0,2,7311.0,3.0,43_47_113
2022/5/4,1D0,2,6871.0,,
2022/6/11,1D0,2,7517.0,3.0,68_70_93
2022/6/2,1D0,2,7350.0,,
2022/6/30,1D0,2,7828.0,,
2022/6/7,1D0,2,7431.0,2.0,12_119
2022/7/18,1D0,2,8010.0,3.0,51_99_100
2022/7/30,1D0,2,8139.0,,
2022/7/4,1D0,2,7839.0,1.0,36
2022/7/6,1D0,2,7875.0,2.0,46_55
2022/8/13,1D0,2,8257.0,3.0,56_79_85
2022/8/15,1D0,2,8295.0,,
2022/9/1,1D0,2,8391.0,,
2022/2/3,1D0,3,5182.0,3.0,25_36_39
2022/5/23,1D0,3,7246.0,4.0,55_81_85_87
2022/5/4,1D0,3,6901.0,,
2022/6/18,1D0,3,7743.0,3.0,31_64_102
2022/6/2,1D0,3,7441.0,,
2022/6/30,1D0,3,7945.0,,
2022/7/30,1D0,3,8281.0,,
2022/8/15,1D0,3,8411.0,,
2022/8/6,1D0,3,8283.0,2.0,38_83
2022/9/1,1D0,3,8507.0,,
2022/1/29,1D0,4,5086.0,2.0,102_106
2022/2/27,1D0,4,5562.0,2.0,36_113
2022/5/25,1D0,4,7131.0,2.0,34_100
2022/5/4,1D0,4,6745.0,,
2022/6/2,1D0,4,7294.0,,
2022/6/23,1D0,4,7684.0,2.0,73_121
2022/6/30,1D0,4,7786.0,,
2022/7/23,1D0,4,7992.0,2.0,17_88
2022/7/30,1D0,4,8092.0,,
2022/7/4,1D0,4,7791.0,3.0,12_104_118
2022/8/15,1D0,4,8225.0,,
2022/8/6,1D0,4,8106.0,3.0,21_52_77
2022/9/1,1D0,4,8324.0,,
2022/1/29,1D0,5,4982.0,1.0,47
2022/2/11,1D0,5,5231.0,2.0,45_120
2022/4/11,1D0,5,6364.0,2.0,79_80
2022/5/13,1D0,5,6903.0,3.0,40_66_119
2022/5/29,1D0,5,7201.0,2.0,81_107
2022/5/4,1D0,5,6751.0,,
2022/6/10,1D0,5,7430.0,2.0,8_65
2022/6/15,1D0,5,7515.0,2.0,50_92
2022/6/2,1D0,5,7283.0,,
2022/6/30,1D0,5,7767.0,,
2022/7/16,1D0,5,7928.0,2.0,37_102
2022/7/30,1D0,5,8084.0,,
2022/8/15,1D0,5,8240.0,,
2022/8/31,1D0,5,8329.0,1.0,100
2022/9/1,1D0,5,8329.0,,
2022/2/10,1D0,6,5104.0,2.0,14_117
2022/3/10,1D0,6,5609.0,2.0,2_100
2022/4/24,1D0,6,6440.0,3.0,22_25_113
2022/5/16,1D0,6,6834.0,3.0,28_51_115
2022/5/4,1D0,6,6605.0,,
2022/6/1,1D0,6,7139.0,2.0,19_27
2022/6/13,1D0,6,7386.0,3.0,10_11_117
2022/6/2,1D0,6,7166.0,,
2022/6/30,1D0,6,7655.0,,
2022/6/6,1D0,6,7236.0,3.0,6_24_86
2022/7/30,1D0,6,7963.0,,
2022/7/4,1D0,6,7658.0,3.0,68_98_102
2022/8/15,1D0,6,8116.0,,
2022/8/26,1D0,6,8174.0,4.0,54_70_85_105
2022/9/1,1D0,6,8210.0,,
2022/1/9,1D0,7,4536.0,2.0,12_82
2022/4/26,1D0,7,6594.0,3.0,110_111_120
2022/5/18,1D0,7,7009.0,3.0,56_87_99
2022/5/4,1D0,7,6746.0,,
2022/6/2,1D0,7,7298.0,,
2022/6/30,1D0,7,7799.0,,
2022/7/30,1D0,7,16091.0,3.0,31_54_117
2022/8/15,1D0,7,8227.0,,
2022/9/1,1D0,7,8325.0,,
2022/2/3,1D0,8,4480.0,1.0,12
2022/3/28,1D0,8,5420.0,1.0,50
2022/4/7,1D0,8,5544.0,1.0,48
2022/5/4,1D0,8,6000.0,,
2022/6/2,1D0,8,6563.0,,
2022/6/21,1D0,8,6915.0,2.0,20_73
2022/6/30,1D0,8,7059.0,,
2022/7/12,1D0,8,7173.0,2.0,51_71
2022/7/30,1D0,8,7372.0,,
2022/8/13,1D0,8,7469.0,2.0,2_52
2022/8/15,1D0,8,7517.0,,
2022/9/1,1D0,8,7614.0,,
2022/1/14,1D0,9,4548.0,2.0,49_70
2022/2/10,1D0,9,5041.0,2.0,24_51
2022/4/9,1D0,9,6189.0,2.0,24_25
2022/5/4,1D0,9,6608.0,,
2022/6/2,1D0,9,7175.0,,
2022/6/30,1D0,9,7686.0,,
2022/7/30,1D0,9,7991.0,,
2022/7/7,1D0,9,7753.0,2.0,43_58
2022/8/13,1D0,9,8045.0,2.0,60_83
2022/8/15,1D0,9,8048.0,,
2022/8/3,1D0,9,7989.0,3.0,25_27_30
2022/9/1,1D0,9,8147.0,,
2022/2/17,1D0,10,5098.0,2.0,96_49
2022/5/2,1D0,10,6448.0,3.0,89_94_109
2022/5/21,1D0,10,6787.0,3.0,31_43_51
2022/5/4,1D0,10,6475.0,,
2022/6/2,1D0,10,14009.0,3.0,26_96_117
2022/6/30,1D0,10,7508.0,,
2022/7/30,1D0,10,7823.0,,
2022/8/15,1D0,10,15912.0,2.0,17_67
2022/9/1,1D0,10,8048.0,,
2022/1/4,1D0,11,4218.0,2.0,10_38
2022/1/9,1D0,11,4316.0,2.0,12_13
2022/2/17,1D0,11,5037.0,2.0,15_109
2022/5/17,1D0,11,6704.0,3.0,40_89_102
2022/5/4,1D0,11,6459.0,,
2022/6/10,1D0,11,7138.0,3.0,2_32_52
2022/6/2,1D0,11,6999.0,,
2022/6/25,1D0,11,7416.0,3.0,72_85_113
2022/6/28,1D0,11,7452.0,3.0,30_87_100
2022/6/30,1D0,11,7473.0,,
2022/7/30,1D0,11,7783.0,,
2022/7/8,1D0,11,7756.0,3.0,16_51_115
2022/8/15,1D0,11,7928.0,,
2022/9/1,1D0,11,8012.0,,
2022/1/14,1D0,12,4371.0,1.0,45
2022/1/4,1D0,12,3672.0,2.0,19_46
2022/1/9,1D0,12,4243.0,2.0,90_97
2022/2/17,1D0,12,4986.0,2.0,7_100
2022/2/27,1D0,12,5158.0,2.0,41_89
2022/3/7,1D0,12,5289.0,2.0,17_47
2022/4/18,1D0,12,6060.0,3.0,98_113_121
2022/5/11,1D0,12,6435.0,4.0,5_25_46_48
2022/5/28,1D0,12,6741.0,3.0,6_42_49
2022/5/4,1D0,12,6332.0,,
2022/6/13,1D0,12,7039.0,3.0,13_38_87
2022/6/2,1D0,12,6842.0,,
2022/6/25,1D0,12,7239.0,4.0,3_73_89_112
2022/6/30,1D0,12,7297.0,,
2022/7/19,1D0,12,7493.0,4.0,1_10_76_81
2022/7/30,1D0,12,7604.0,,
2022/8/10,1D0,12,8045.0,3.0,54_66_120
2022/8/15,1D0,12,7732.0,,
2022/9/1,1D0,12,7829.0,,
2022/1/17,1D0,13,4377.0,2.0,23_121
2022/1/29,1D0,13,4539.0,1.0,88
2022/3/23,1D0,13,5599.0,2.0,15_86
2022/4/22,1D0,13,6097.0,3.0,72_77_100
2022/5/31,1D0,13,6792.0,3.0,25_75_89
2022/5/4,1D0,13,6293.0,,
2022/6/14,1D0,13,7057.0,3.0,21_47_51
2022/6/2,1D0,13,6829.0,,
2022/6/24,1D0,13,7233.0,3.0,19_27_119
2022/6/30,1D0,13,7313.0,,
2022/7/30,1D0,13,15154.0,3.0,43_81_100
2022/7/6,1D0,13,7352.0,3.0,13_79_118
2022/8/15,1D0,13,15433.0,3.0,8_67_121
2022/9/1,1D0,13,7810.0,,
2021/12/27,1D0,14,3241.0,1.0,64
2022/1/9,1D0,14,4184.0,2.0,72_54
2022/2/17,1D0,14,4859.0,2.0,46_87
2022/5/24,1D0,14,6642.0,3.0,37_51_108
2022/5/4,1D0,14,6278.0,,
2022/6/2,1D0,14,13629.0,3.0,41_54_78
2022/6/20,1D0,14,7128.0,3.0,19_47_70
2022/6/30,1D0,14,7286.0,,
2022/7/14,1D0,14,7398.0,3.0,26_56_100
2022/7/30,1D0,14,7526.0,,
2022/7/8,1D0,14,7368.0,2.0,45_62
2022/8/15,1D0,14,7669.0,,
2022/8/3,1D0,14,7523.0,2.0,2_90
2022/9/1,1D0,14,7760.0,,
2022/1/17,1D0,15,4270.0,2.0,1_111
2022/5/23,1D0,15,6535.0,3.0,45_76_86
2022/5/4,1D0,15,6208.0,,
2022/5/9,1D0,15,6306.0,3.0,19_39_47
2022/6/2,1D0,15,6730.0,,
2022/6/30,1D0,15,7218.0,,
2022/6/7,1D0,15,6812.0,3.0,40_90_102
2022/7/18,1D0,15,7389.0,3.0,100_113_119
2022/7/30,1D0,15,7511.0,,
2022/8/13,1D0,15,7584.0,3.0,38_81_118
2022/8/15,1D0,15,7631.0,,
2022/9/1,1D0,15,7711.0,,
2022/1/14,1D0,16,4023.0,2.0,76_89
2022/3/21,1D0,16,5290.0,2.0,53_74
2022/5/29,1D0,16,6503.0,3.0,14_55_60
2022/5/4,1D0,16,6062.0,,
2022/6/15,1D0,16,6828.0,2.0,10_47
2022/6/2,1D0,16,6583.0,,
2022/6/30,1D0,16,7076.0,,
2022/7/18,1D0,16,7255.0,3.0,19_76_106
2022/7/30,1D0,16,7378.0,,
2022/7/5,1D0,16,7108.0,2.0,51_87
2022/8/15,1D0,16,7524.0,,
2022/9/1,1D0,16,7608.0,,
2022/3/21,1D0,17,5299.0,2.0,34_36
2022/4/11,1D0,17,5687.0,2.0,45_89
2022/4/14,1D0,17,5713.0,2.0,76_78
2022/4/29,1D0,17,5938.0,1.0,110
2022/5/30,1D0,17,6493.0,3.0,10_106_108
2022/5/31,1D0,17,6493.0,1.0,118
2022/5/4,1D0,17,6021.0,,
2022/5/6,1D0,17,6075.0,2.0,12_87
2022/6/2,1D0,17,12986.0,2.0,107_109
2022/6/25,1D0,17,6832.0,3.0,17_93_111
2022/6/30,1D0,17,6864.0,,
2022/6/7,1D0,17,6492.0,1.0,13
2022/7/19,1D0,17,7063.0,2.0,21_47
2022/7/30,1D0,17,14208.0,2.0,70_106
2022/8/15,1D0,17,14507.0,3.0,34_42_74
2022/9/1,1D0,17,7346.0,,
2022/2/3,1D0,18,4427.0,2.0,95_96
2022/3/7,1D0,18,5027.0,2.0,58_99
2022/5/23,1D0,18,6415.0,3.0,42_60_104
2022/5/4,1D0,18,6082.0,,
2022/6/2,1D0,18,6608.0,,
2022/6/24,1D0,18,7023.0,3.0,8_31_36
2022/6/30,1D0,18,7097.0,,
2022/7/30,1D0,18,14691.0,3.0,53_87_111
2022/8/15,1D0,18,7520.0,,
2022/8/22,1D0,18,7531.0,3.0,13_17_102
2022/9/1,1D0,18,7598.0,,
2022/1/4,1D0,19,4141.0,2.0,21_24
2022/2/3,1D0,19,4202.0,3.0,36_39_89
2022/5/4,1D0,19,5875.0,,
2022/6/2,1D0,19,6423.0,,
2022/6/30,1D0,19,6890.0,,
2022/6/6,1D0,19,6474.0,4.0,20_87_89_120
2022/7/19,1D0,19,7053.0,3.0,13_33_77
2022/7/30,1D0,19,7162.0,,
2022/8/15,1D0,19,7306.0,,
2022/9/1,1D0,19,7394.0,,
2021/12/27,1E0,1,4138.0,1.0,96
2022/2/27,1E0,1,5118.0,3.0,55_82_85
2022/3/31,1E0,1,5779.0,2.0,12_108
2022/4/18,1E0,1,6045.0,2.0,47_60
2022/5/11,1E0,1,6455.0,2.0,10_45
2022/5/20,1E0,1,6600.0,3.0,15_40_46
2022/5/21,1E0,1,6600.0,1.0,41
2022/5/26,1E0,1,6685.0,2.0,38_51
2022/5/29,1E0,1,6729.0,2.0,13_57
2022/5/4,1E0,1,6320.0,,
2022/6/10,1E0,1,6935.0,2.0,36_106
2022/6/18,1E0,1,7065.0,2.0,40_58
2022/6/2,1E0,1,13596.0,2.0,14_17
2022/6/25,1E0,1,7193.0,3.0,6_28_81
2022/6/30,1E0,1,7223.0,,
2022/7/30,1E0,1,15001.0,3.0,32_68_92
2022/8/10,1E0,1,7651.0,3.0,20_25_78
2022/8/15,1E0,1,7656.0,,
2022/8/30,1E0,1,7713.0,3.0,3_76_100
2022/9/1,1E0,1,7717.0,,
2022/1/17,1E0,2,4378.0,1.0,83
2022/3/23,1E0,2,5673.0,1.0,115
2022/3/31,1E0,2,5827.0,1.0,120
2022/5/11,1E0,2,6514.0,2.0,58_83
2022/5/4,1E0,2,6399.0,,
2022/6/2,1E0,2,6928.0,,
2022/6/25,1E0,2,7338.0,2.0,40_109
2022/6/30,1E0,2,7366.0,,
2022/6/4,1E0,2,6950.0,1.0,98
2022/7/30,1E0,2,7653.0,,
2022/8/13,1E0,2,7715.0,3.0,53_81_115
2022/8/15,1E0,2,7766.0,,
2022/9/1,1E0,2,7844.0,,
2022/4/11,1E0,3,5900.0,2.0,106_111
2022/5/29,1E0,3,6736.0,2.0,85_109
2022/5/30,1E0,3,6755.0,2.0,92_113
2022/5/4,1E0,3,6279.0,,
2022/6/2,1E0,3,6815.0,,
2022/6/30,1E0,3,7233.0,,
2022/6/7,1E0,3,6857.0,2.0,44_107
2022/7/19,1E0,3,7409.0,3.0,65_70_81
2022/7/30,1E0,3,7517.0,,
2022/7/7,1E0,3,7288.0,3.0,96_119_120
2022/8/15,1E0,3,7660.0,,
2022/9/1,1E0,3,7743.0,,
2002/5/14,1E0,4,6238.0,2.0,36_62
2022/1/25,1E0,4,4342.0,2.0,104_107
2022/2/27,1E0,4,4899.0,2.0,50_102
2022/4/16,1E0,4,5754.0,2.0,6_19
2022/5/4,1E0,4,6070.0,,
2022/6/2,1E0,4,6599.0,,
2022/6/20,1E0,4,6919.0,2.0,56_117
2022/6/30,1E0,4,7064.0,,
2022/7/30,1E0,4,7364.0,,
2022/8/15,1E0,4,7504.0,,
2022/9/1,1E0,4,7580.0,,
2022/4/20,1E0,5,5997.0,2.0,26_53
2022/5/29,1E0,5,6673.0,3.0,19_96_121
2022/5/4,1E0,5,6232.0,,
2022/6/2,1E0,5,6749.0,,
2022/6/30,1E0,5,7182.0,,
2022/6/7,1E0,5,6794.0,2.0,17_117
2022/7/30,1E0,5,7479.0,,
2022/7/8,1E0,5,7273.0,3.0,83_101_103
2022/8/15,1E0,5,7614.0,,
2022/9/1,1E0,5,7689.0,,
2055/5/27,1E0,5,6651.0,1.0,102
2022/3/28,1E0,6,5454.0,2.0,74_100
2022/4/16,1E0,6,5750.0,2.0,41_68
2022/5/13,1E0,6,6212.0,2.0,38_94
2022/5/4,1E0,6,6064.0,,
2022/6/13,1E0,6,6782.0,3.0,6_30_64
2022/6/2,1E0,6,6576.0,,
2022/6/29,1E0,6,7032.0,3.0,2_21_104
2022/6/30,1E0,6,7032.0,,
2022/6/9,1E0,6,6697.0,2.0,8_60
2022/7/16,1E0,6,7174.0,3.0,15_25_79
2022/7/30,1E0,6,7318.0,,
2022/8/15,1E0,6,7459.0,,
2022/9/1,1E0,6,7532.0,,
2022/5/23,1E0,7,6413.0,1.0,56
2022/5/25,1E0,7,6431.0,2.0,15_100
2022/5/4,1E0,7,6103.0,,
2022/6/2,1E0,7,13143.0,2.0,45_110
2022/6/24,1E0,7,6931.0,3.0,4_51_52
2022/6/30,1E0,7,7002.0,,
2022/6/4,1E0,7,6596.0,2.0,57_119
2022/6/9,1E0,7,6681.0,2.0,9_94
2022/7/30,1E0,7,7279.0,,
2022/8/15,1E0,7,7389.0,,
2022/8/27,1E0,7,7434.0,2.0,96_115
2022/8/5,1E0,7,7279.0,3.0,21_96_109
2022/9/1,1E0,7,7470.0,,
2021/12/27,1E0,8,3818.0,1.0,51
2022/2/27,1E0,8,4721.0,2.0,45_104
2022/3/23,1E0,8,5209.0,2.0,47_106
2022/5/13,1E0,8,6081.0,2.0,23_83
2022/5/4,1E0,8,5927.0,,
2022/6/2,1E0,8,6443.0,,
2022/6/30,1E0,8,6925.0,,
2022/7/30,1E0,8,7214.0,,
2022/7/5,1E0,8,6958.0,3.0,10_43_113
2022/7/6,1E0,8,6377.0,2.0,28_43
2022/8/15,1E0,8,7324.0,,
2022/8/5,1E0,8,7220.0,3.0,10_100_110
2022/9/1,1E0,8,7393.0,,
2022/4/16,1E0,9,5644.0,1.0,38
2022/5/4,1E0,9,5953.0,,
2022/6/2,1E0,9,6498.0,,
2022/6/20,1E0,9,6785.0,3.0,17_31_115
2022/6/30,1E0,9,6929.0,,
2022/7/30,1E0,9,7220.0,,
2022/8/15,1E0,9,7334.0,,
2022/8/31,1E0,9,7404.0,3.0,49_81_109
2022/9/1,1E0,9,7404.0,,
2022/5/4,1E0,10,5898.0,,
2022/6/2,1E0,10,6438.0,,
2022/6/30,1E0,10,6913.0,,
2022/7/30,1E0,10,7200.0,,
2022/8/15,1E0,10,7312.0,,
2022/9/1,1E0,10,7376.0,,
2022/1/9,1E0,11,3646.0,2.0,47_91
2022/2/11,1E0,11,4279.0,1.0,32
2022/4/18,1E0,11,5515.0,2.0,62_83
2022/5/11,1E0,11,5904.0,2.0,75_85
2022/5/4,1E0,11,5785.0,,
2022/6/2,1E0,11,6287.0,,
2022/6/30,1E0,11,6744.0,,
2022/6/7,1E0,11,6373.0,2.0,13_47
2022/7/30,1E0,11,7005.0,,
2022/8/15,1E0,11,7101.0,,
2022/8/26,1E0,11,7128.0,3.0,25_72_89
2022/8/5,1E0,11,7005.0,4.0,27_30_32_78
2022/9/1,1E0,11,7163.0,,
2055/5/27,1E0,11,6171.0,1.0,8
2022/3/4,1E0,12,4659.0,2.0,94_108
2022/4/11,1E0,12,5366.0,1.0,45
2022/4/28,1E0,12,5586.0,2.0,47_121
2022/5/13,1E0,12,5848.0,1.0,113
2022/5/29,1E0,12,6117.0,1.0,100
2022/5/4,1E0,12,5700.0,,
2022/6/1,1E0,12,6160.0,2.0,55_85
2022/6/2,1E0,12,6186.0,,
2022/6/30,1E0,12,6614.0,,
2022/6/6,1E0,12,6229.0,2.0,34_50
2022/7/30,1E0,12,6878.0,,
2022/7/7,1E0,12,6670.0,3.0,9_106_117
2022/8/10,1E0,12,7520.0,3.0,87_93_102
2022/8/15,1E0,12,6988.0,,
2022/9/1,1E0,12,7052.0,,
2022/1/25,1E0,13,3862.0,2.0,76_90
2022/2/17,1E0,13,4239.0,1.0,106
2022/4/22,1E0,13,5418.0,2.0,54_108
2022/5/11,1E0,13,5714.0,1.0,85
2022/5/19,1E0,13,5841.0,2.0,21_49
2022/5/28,1E0,13,5973.0,1.0,17
2022/5/30,1E0,13,6005.0,1.0,102
2022/5/4,1E0,13,5607.0,,
2022/6/13,1E0,13,6269.0,3.0,27_87_111
2022/6/2,1E0,13,6064.0,,
2022/6/30,1E0,13,6517.0,,
2022/7/30,1E0,13,6791.0,,
2022/7/5,1E0,13,6552.0,3.0,27_41_117
2022/8/15,1E0,13,6892.0,,
2022/8/5,1E0,13,6795.0,3.0,21_30_58
2022/9/1,1E0,13,6943.0,,
2022/3/7,1E0,14,4577.0,2.0,21_55
2022/4/24,1E0,14,5443.0,2.0,62_23
2022/5/16,1E0,14,5785.0,3.0,6_8_41
2022/5/25,1E0,14,5925.0,2.0,53_102
2022/5/4,1E0,14,11190.0,2.0,21_82
2022/6/17,1E0,14,6332.0,3.0,54_60_76
2022/6/2,1E0,14,6075.0,,
2022/6/30,1E0,14,6515.0,,
2022/7/30,1E0,14,6772.0,,
2022/7/5,1E0,14,6521.0,3.0,51_70_121
2022/8/15,1E0,14,6874.0,,
2022/8/5,1E0,14,6776.0,3.0,73_77_98
2022/9/1,1E0,14,6926.0,,
2022/2/17,1E0,15,3751.0,1.0,15
2022/3/28,1E0,15,5684.0,1.0,49
2022/5/28,1E0,15,5517.0,2.0,40_103
2022/5/4,1E0,15,5096.0,,
2022/6/1,1E0,15,5574.0,2.0,42_102
2022/6/13,1E0,15,5737.0,1.0,55
2022/6/2,1E0,15,5598.0,,
2022/6/30,1E0,15,5982.0,,
2022/6/9,1E0,15,5719.0,1.0,60
2022/7/30,1E0,15,12466.0,2.0,23_66
2022/7/5,1E0,15,6010.0,2.0,10_105
2022/8/15,1E0,15,6362.0,,
2022/8/22,1E0,15,6369.0,3.0,69_78_83
2022/9/1,1E0,15,6406.0,,
2022/1/17,1E0,16,3636.0,1.0,100
2022/1/25,1E0,16,3679.0,1.0,37
2022/2/17,1E0,16,4030.0,2.0,21_30
2022/2/19,1E0,16,4058.0,1.0,39
2022/3/10,1E0,16,4424.0,1.0,92
2022/3/23,1E0,16,4664.0,1.0,98
2022/3/28,1E0,16,4763.0,1.0,70
2022/4/1,1E0,16,4821.0,2.0,47_110
2022/4/16,1E0,16,4980.0,1.0,53
2022/4/18,1E0,16,5014.0,2.0,46_48
2022/4/20,1E0,16,5022.0,2.0,23_21
2022/4/9,1E0,16,4929.0,1.0,86
2022/5/11,1E0,16,5342.0,2.0,45_112
2022/5/13,1E0,16,5368.0,2.0,24_45
2022/5/4,1E0,16,5248.0,,
2022/6/11,1E0,16,6223.0,4.0,17_19_63_65
2022/6/2,1E0,16,5721.0,,
2022/6/30,1E0,16,6149.0,,
2022/6/8,1E0,16,5824.0,1.0,10
2022/7/30,1E0,16,12750.0,2.0,32_89
2022/8/15,1E0,16,6507.0,,
2022/9/1,1E0,16,6543.0,,
2022/4/9,1E0,17,5166.0,2.0,74_89
2022/5/4,1E0,17,5565.0,,
2022/6/11,1E0,17,5872.0,2.0,10_70
2022/6/2,1E0,17,6082.0,,
2022/6/30,1E0,17,6506.0,,
2022/6/6,1E0,17,6126.0,2.0,83_85
2022/7/12,1E0,17,6608.0,3.0,10_41_91
2022/7/30,1E0,17,6788.0,,
2022/8/15,1E0,17,6893.0,,
2022/9/1,1E0,17,6926.0,,
2022/2/10,1E0,18,3909.0,3.0,33_103_106
2022/3/10,1E0,18,4412.0,2.0,35_87
2022/4/24,1E0,18,5212.0,2.0,14_19
2022/5/25,1E0,18,5714.0,2.0,53_106
2022/5/4,1E0,18,5369.0,,
2022/6/18,1E0,18,6096.0,2.0,17_104
2022/6/2,1E0,18,5859.0,,
2022/6/30,1E0,18,6280.0,,
2022/6/6,1E0,18,5893.0,2.0,58_119
2022/7/30,1E0,18,6551.0,,
2022/7/6,1E0,18,7857.0,3.0,8_77_97
2022/8/15,1E0,18,6637.0,,
2022/8/6,1E0,18,6565.0,3.0,11_28_51
2022/9/1,1E0,18,6671.0,,
2022/3/4,1E0,19,4398.0,2.0,23_94
2022/4/20,1E0,19,5225.0,2.0,101_106
2022/4/9,1E0,19,5085.0,2.0,21_87
2022/5/4,1E0,19,5450.0,,
2022/6/2,1E0,19,5947.0,,
2022/6/22,1E0,19,6284.0,3.0,8_17_33
2022/6/30,1E0,19,6396.0,,
2022/7/30,1E0,19,6664.0,,
2022/8/15,1E0,19,6769.0,,
2022/9/1,1E0,19,6799.0,,
2022/5/15,1G0,1,4375.0,1.0,1
2022/5/4,1G0,1,8460.0,4.0,3_88_91_93
2022/6/2,1G0,1,4600.0,,
2022/6/30,1G0,1,4864.0,,
2022/7/1,1G0,1,4864.0,2.0,101_107
2022/7/30,1G0,1,5065.0,,
2022/8/15,1G0,1,5148.0,,
2022/9/1,1G0,1,5168.0,,
2022/5/15,1G0,2,4219.0,1.0,79
2022/5/4,1G0,2,4078.0,,
2022/6/2,1G0,2,4438.0,,
2022/6/30,1G0,2,4709.0,,
2022/7/1,1G0,2,4709.0,1.0,26
2022/7/30,1G0,2,4910.0,,
2022/8/15,1G0,2,4986.0,,
2022/9/1,1G0,2,5007.0,,
2022/5/4,1G0,3,3877.0,,
2022/6/2,1G0,3,4247.0,,
2022/6/30,1G0,3,4601.0,,
2022/7/30,1G0,3,4797.0,,
2022/8/15,1G0,3,4875.0,,
2022/9/1,1G0,3,4895.0,,
2022/5/4,1G0,4,3696.0,,
2022/6/2,1G0,4,4058.0,,
2022/6/30,1G0,4,4415.0,,
2022/7/30,1G0,4,4608.0,,
2022/8/15,1G0,4,4685.0,,
2022/9/1,1G0,4,4707.0,,
2022/5/4,1G0,5,3453.0,,
2022/6/2,1G0,5,3808.0,,
2022/6/30,1G0,5,4156.0,,
2022/7/30,1G0,5,4349.0,,
2022/8/15,1G0,5,4424.0,,
2022/9/1,1G0,5,4446.0,,
2022/5/4,1G0,6,3239.0,,
2022/6/2,1G0,6,3570.0,,
2022/6/30,1G0,6,3908.0,,
2022/7/30,1G0,6,4091.0,,
2022/8/15,1G0,6,4168.0,,
2022/9/1,1G0,6,4187.0,,
2022/5/4,1G0,7,2934.0,,
2022/5/6,1G0,7,6141.0,1.0,78
2022/6/2,1G0,7,3261.0,,
2022/6/30,1G0,7,3594.0,,
2022/7/30,1G0,7,3773.0,,
2022/8/15,1G0,7,3844.0,,
2022/9/1,1G0,7,3861.0,,
2022/5/4,1G0,8,2682.0,,
2022/6/2,1G0,8,2977.0,,
2022/6/30,1G0,8,3303.0,,
2022/7/30,1G0,8,3476.0,,
2022/8/15,1G0,8,3543.0,,
2022/9/1,1G0,8,3555.0,,
2022/5/4,1G0,9,2370.0,,
2022/6/2,1G0,9,2647.0,,
2022/6/30,1G0,9,2959.0,,
2022/7/30,1G0,9,3119.0,,
2022/8/15,1G0,9,3183.0,,
2022/9/1,1G0,9,3196.0,,
2022/5/4,1G0,10,2074.0,,
2022/6/2,1G0,10,2329.0,,
2022/6/30,1G0,10,2619.0,,
2022/7/30,1G0,10,2772.0,,
2022/8/15,1G0,10,2831.0,,
2022/9/1,1G0,10,2838.0,,
2022/5/4,1G0,11,1863.0,,
2022/6/2,1G0,11,2099.0,,
2022/6/30,1G0,11,2386.0,,
2022/7/30,1G0,11,2531.0,,
2022/8/15,1G0,11,2593.0,,
2022/9/1,1G0,11,2596.0,,
2022/5/4,1G0,12,1576.0,,
2022/6/2,1G0,12,1766.0,,
2022/6/30,1G0,12,2017.0,,
2022/7/30,1G0,12,2147.0,,
2022/8/15,1G0,12,2200.0,,
2022/9/1,1G0,12,2204.0,,
2022/4/18,1G0,13,1189.0,2.0,38_91
2022/5/4,1G0,13,2170.0,,
2022/6/2,1G0,13,2296.0,,
2022/6/30,1G0,13,2320.0,,
2022/7/1,1G0,13,2320.0,2.0,8_26
2022/7/30,1G0,13,2399.0,,
2022/8/15,1G0,13,2443.0,,
2022/9/1,1G0,13,2447.0,,
2022/5/4,1G0,14,1164.0,,
2022/6/2,1G0,14,1293.0,,
2022/6/30,1G0,14,1526.0,,
2022/7/30,1G0,14,1630.0,,
2022/8/15,1G0,14,1675.0,,
2022/9/1,1G0,14,1678.0,,
2022/5/4,1G0,15,0.0,,
2022/6/2,1G0,15,144.0,,
2022/6/30,1G0,15,180.0,,
2022/7/30,1G0,15,235.0,,
2022/8/15,1G0,15,270.0,,
2022/9/1,1G0,15,271.0,,
2022/5/4,1G0,16,0.0,,
2022/6/2,1G0,16,135.0,,
2022/6/30,1G0,16,351.0,,
2022/7/30,1G0,16,427.0,,
2022/8/15,1G0,16,459.0,,
2022/9/1,1G0,16,460.0,,
2022/5/4,1G0,17,0.0,,
2022/6/2,1G0,17,125.0,,
2022/6/30,1G0,17,307.0,,
2022/7/30,1G0,17,377.0,,
2022/8/15,1G0,17,412.0,,
2022/9/1,1G0,17,412.0,,
2022/5/4,1G0,18,0.0,,
2022/6/2,1G0,18,121.0,,
2022/6/30,1G0,18,282.0,,
2022/7/30,1G0,18,346.0,,
2022/8/15,1G0,18,374.0,,
2022/9/1,1G0,18,374.0,,
2022/5/4,1G0,19,0.0,,
2022/6/2,1G0,19,771.0,,
2022/6/30,1G0,19,771.0,,
2022/7/30,1G0,19,771.0,,
2022/8/15,1G0,19,771.0,,
2022/9/1,1G0,19,771.0,,
2022/10/31,2B0,1,0.0,,
2022/11/28,2B0,1,100.0,,
2022/12/28,2B0,1,162.0,,
2022/2/17,2B0,1,4368.0,3.0,29_79_62
2022/3/21,2B0,1,4962.0,2.0,30_86
2022/5/4,2B0,1,5835.0,,
2022/6/2,2B0,1,6455.0,,
2022/6/30,2B0,1,7022.0,,
2022/6/7,2B0,1,6546.0,3.0,12_64_76
2022/7/30,2B0,1,7553.0,,
2022/8/13,2B0,1,7692.0,3.0,11_51_74
2022/8/15,2B0,1,7744.0,,
2022/8/24,2B0,1,7800.0,3.0,8_27_85
2022/8/31,2B0,1,7957.0,4.0,13_15_39_46
2022/9/1,2B0,1,7957.0,,
2022/9/12,2B0,1,8151.0,3.0,24_74_84
2022/9/28,2B0,1,8348.0,,
2023/2/6,2B0,1,1018.0,,
2022/10/19,2B0,2,8395.0,2.0,18_36
2022/10/31,2B0,2,0.0,,
2022/11/28,2B0,2,100.0,,
2022/12/28,2B0,2,161.0,,
2022/4/26,2B0,2,5679.0,2.0,18_111
2022/5/23,2B0,2,6213.0,2.0,29_64
2022/5/4,2B0,2,5833.0,,
2022/6/1,2B0,2,6374.0,1.0,74
2022/6/17,2B0,2,6691.0,2.0,34_119
2022/6/2,2B0,2,6395.0,,
2022/6/30,2B0,2,6954.0,,
2022/7/30,2B0,2,7486.0,,
2022/8/15,2B0,2,7710.0,,
2022/8/19,2B0,2,7716.0,2.0,15_103
2022/9/1,2B0,2,7920.0,,
2022/9/20,2B0,2,8214.0,2.0,25_43
2022/9/28,2B0,2,8260.0,,
2022/9/3,2B0,2,7962.0,2.0,22_105
2023/2/6,2B0,2,994.0,,
2022/10/31,2B0,3,8599.0,,
2022/11/28,2B0,3,100.0,,
2022/12/28,2B0,3,161.0,,
2022/4/9,2B0,3,5395.0,2.0,1_29
2022/5/2,2B0,3,5818.0,2.0,2_113
2022/5/23,2B0,3,6228.0,2.0,43_111
2022/5/4,2B0,3,5849.0,,
2022/6/13,2B0,3,6610.0,1.0,41
2022/6/2,2B0,3,6402.0,,
2022/6/30,2B0,3,6949.0,,
2022/7/12,2B0,3,2117.0,2.0,92_106
2022/7/30,2B0,3,7454.0,,
2022/8/13,2B0,3,7594.0,2.0,13_105
2022/8/15,2B0,3,7647.0,,
2022/8/3,2B0,3,7449.0,2.0,94_102
2022/9/1,2B0,3,7888.0,,
2022/9/20,2B0,3,8186.0,2.0,41_120
2022/9/28,2B0,3,8229.0,,
2022/9/3,2B0,3,7905.0,2.0,43_60
2023/2/6,2B0,3,1011.0,,
2022/10/19,2B0,4,8167.0,2.0,94_103
2022/10/27,2B0,4,8229.0,2.0,90_91
2022/10/31,2B0,4,8262.0,,
2022/11/14,2B0,4,8427.0,2.0,87_95
2022/11/2,2B0,4,8262.0,1.0,52
2022/11/28,2B0,4,8689.0,,
2022/12/14,2B0,4,8869.0,3.0,89_91_104
2022/12/22,2B0,4,9017.0,2.0,60_91
2022/12/28,2B0,4,9163.0,,
2022/12/30,2B0,4,9163.0,3.0,29_91_96
2022/12/4,2B0,4,8689.0,3.0,23_72_99
2022/4/14,2B0,4,5354.0,3.0,18_29_115
2022/5/4,2B0,4,5762.0,,
2022/6/2,2B0,4,6370.0,,
2022/6/30,2B0,4,6921.0,,
2022/6/7,2B0,4,6459.0,2.0,30_89
2022/6/9,2B0,4,6488.0,3.0,31_37_119
2022/7/30,2B0,4,7417.0,,
2022/7/8,2B0,4,7019.0,1.0,56
2022/8/15,2B0,4,7486.0,,
2022/8/5,2B0,4,7433.0,2.0,91_92
2022/9/1,2B0,4,7730.0,,
2022/9/16,2B0,4,7992.0,3.0,6_66_119
2022/9/28,2B0,4,8104.0,,
2023/2/6,2B0,4,533.0,,
2022/10/28,2B0,5,8472.0,2.0,29_43
2022/10/31,2B0,5,8561.0,,
2022/11/28,2B0,5,0.0,,
2022/12/28,2B0,5,0.0,,
2022/5/26,2B0,5,6272.0,1.0,34
2022/5/4,2B0,5,5808.0,,
2022/6/2,2B0,5,6410.0,,
2022/6/22,2B0,5,6798.0,2.0,30_36
2022/6/27,2B0,5,6698.0,1.0,72
2022/6/30,2B0,5,6934.0,,
2022/6/8,2B0,5,6516.0,3.0,51_77_49
2022/7/30,2B0,5,7391.0,,
2022/7/6,2B0,5,6962.0,1.0,96
2022/8/13,2B0,5,7549.0,3.0,7_94_108
2022/8/15,2B0,5,7603.0,,
2022/8/29,2B0,5,7778.0,2.0,38_64
2022/8/3,2B0,5,6609.0,2.0,24_66
2022/9/1,2B0,5,7813.0,,
2022/9/20,2B0,5,8149.0,1.0,68
2022/9/28,2B0,5,8193.0,,
2023/2/6,2B0,5,565.0,,
2022/1/17,2B0,6,2984.0,1.0,28
2022/10/31,2B0,6,7833.0,,
2022/11/14,2B0,6,8011.0,2.0,13_64
2022/11/28,2B0,6,16589.0,3.0,9_18_29
2022/12/11,2B0,6,8509.0,3.0,10_33_58
2022/12/26,2B0,6,8791.0,2.0,63_80
2022/12/28,2B0,6,8858.0,,
2022/3/15,2B0,6,4107.0,1.0,6
2022/5/4,2B0,6,5072.0,,
2022/5/6,2B0,6,5298.0,2.0,8_15
2022/6/2,2B0,6,5651.0,,
2022/6/30,2B0,6,6111.0,,
2022/7/30,2B0,6,6635.0,,
2022/8/15,2B0,6,6857.0,,
2022/8/26,2B0,6,6977.0,4.0,11_21_23_29
2022/9/1,2B0,6,7065.0,,
2022/9/28,2B0,6,7463.0,,
2023/1/21,2B0,6,9269.0,2.0,104_111
2023/1/7,2B0,6,9011.0,2.0,9_14
2023/2/4,2B0,6,9493.0,3.0,29_47_121
2023/2/6,2B0,6,9591.0,,
2022/1/17,2B0,7,3567.0,2.0,29_36
2022/10/31,2B0,7,8311.0,,
2022/11/25,2B0,7,8659.0,2.0,63_104
2022/11/28,2B0,7,8723.0,,
2022/11/4,2B0,7,8330.0,2.0,47_58
2022/11/9,2B0,7,8382.0,2.0,21_119
2022/12/11,2B0,7,8897.0,2.0,21_83
2022/12/28,2B0,7,9264.0,,
2022/12/4,2B0,7,8796.0,3.0,8_25_107
2022/2/3,2B0,7,3748.0,3.0,58_78_121
2022/5/4,2B0,7,5484.0,,
2022/6/11,2B0,7,6264.0,4.0,29_30_49_85
2022/6/2,2B0,7,6086.0,,
2022/6/30,2B0,7,6643.0,,
2022/7/30,2B0,7,7153.0,,
2022/7/7,2B0,7,6740.0,2.0,16_60
2022/8/15,2B0,7,7352.0,,
2022/8/26,2B0,7,7497.0,3.0,17_87_104
2022/8/8,2B0,7,7433.0,3.0,31_57_91
2022/9/1,2B0,7,7580.0,,
2022/9/16,2B0,7,7829.0,2.0,52_96
2022/9/28,2B0,7,7941.0,,
2023/1/10,2B0,7,9483.0,2.0,62_112
2023/1/18,2B0,7,9646.0,3.0,29_91_100
2023/1/24,2B0,7,9728.0,3.0,53_56_120
2023/2/6,2B0,7,21.0,,
2022/10/27,2B0,8,8386.0,2.0,50_104
2022/10/31,2B0,8,8495.0,,
2022/11/28,2B0,8,17767.0,2.0,72_98
2022/11/7,2B0,8,8582.0,3.0,55_56_68
2022/12/22,2B0,8,9317.0,2.0,13_60
2022/12/26,2B0,8,9368.0,2.0,98_113
2022/12/28,2B0,8,9434.0,,
2022/12/8,2B0,8,9054.0,2.0,47_64
2022/2/17,2B0,8,4296.0,3.0,29_83_117
2022/4/7,2B0,8,5165.0,2.0,54_118
2022/5/13,2B0,8,5845.0,2.0,97_115
2022/5/4,2B0,8,5670.0,,
2022/6/2,2B0,8,6256.0,,
2022/6/30,2B0,8,6824.0,,
2022/7/30,2B0,8,7334.0,,
2022/8/15,2B0,8,7548.0,,
2022/9/1,2B0,8,7788.0,,
2022/9/12,2B0,8,7979.0,4.0,54_59_62_64
2022/9/23,2B0,8,8168.0,2.0,59_92
2022/9/28,2B0,8,8169.0,,
2023/1/11,2B0,8,9650.0,3.0,45_78_96
2023/1/3,2B0,8,9495.0,3.0,29_73_119
2023/2/6,2B0,8,0.0,,
2022/10/27,2B0,9,6381.0,3.0,29_58_113
2022/10/31,2B0,9,6489.0,,
2022/11/28,2B0,9,6986.0,,
2022/12/28,2B0,9,14980.0,2.0,45_77
2022/12/4,2B0,9,7011.0,3.0,25_43_49
2022/2/17,2B0,9,4226.0,3.0,15_29_41
2022/4/24,2B0,9,5431.0,3.0,67_72_60
2022/5/18,2B0,9,5918.0,4.0,13_41_43_69
2022/5/4,2B0,9,5625.0,,
2022/6/2,2B0,9,5991.0,,
2022/6/30,2B0,9,5991.0,,
2022/7/30,2B0,9,5991.0,,
2022/8/15,2B0,9,5991.0,,
2022/9/1,2B0,9,5991.0,,
2022/9/28,2B0,9,6246.0,,
2023/1/18,2B0,9,7843.0,3.0,65_91_92
2023/1/7,2B0,9,7625.0,2.0,17_32
2023/2/6,2B0,9,8265.0,,
2022/10/31,2B0,10,8335.0,,
2022/11/14,2B0,10,8496.0,2.0,38_47
2022/11/2,2B0,10,8335.0,2.0,60_76
2022/11/28,2B0,10,8787.0,,
2022/12/17,2B0,10,9087.0,2.0,93_108
2022/12/26,2B0,10,9202.0,2.0,64_108
2022/12/28,2B0,10,9269.0,,
2022/12/8,2B0,10,8949.0,2.0,63_93
2022/3/4,2B0,10,4396.0,3.0,29_74_107
2022/5/23,2B0,10,5930.0,4.0,76_103_105_109
2022/5/4,2B0,10,5556.0,,
2022/6/2,2B0,10,6134.0,,
2022/6/30,2B0,10,6698.0,,
2022/7/25,2B0,10,7053.0,3.0,28_29_47
2022/7/30,2B0,10,7183.0,,
2022/8/15,2B0,10,7397.0,,
2022/9/1,2B0,10,7632.0,,
2022/9/28,2B0,10,8007.0,,
2022/9/7,2B0,10,7734.0,5.0,29_31_39_58_60
2023/2/6,2B0,10,0.0,,
2022/10/20,2B0,11,7642.0,2.0,15_120
2022/10/31,2B0,11,7819.0,,
2022/11/11,2B0,11,7984.0,3.0,15_77_120
2022/11/21,2B0,11,8073.0,2.0,6_120
2022/11/28,2B0,11,16379.0,3.0,1_37_120
2022/12/21,2B0,11,8488.0,3.0,83_111_120
2022/12/28,2B0,11,8646.0,,
2022/12/30,2B0,11,8646.0,2.0,8_14
2022/12/4,2B0,11,8209.0,3.0,67_85_120
2022/2/17,2B0,11,3780.0,2.0,29_84
2022/3/31,2B0,11,4542.0,2.0,51_82
2022/5/4,2B0,11,5173.0,,
2022/5/6,2B0,11,5205.0,1.0,1
2022/5/9,2B0,11,5205.0,2.0,13_49
2022/6/2,2B0,11,5697.0,,
2022/6/20,2B0,11,6026.0,2.0,70_65
2022/6/30,2B0,11,6219.0,,
2022/6/8,2B0,11,5804.0,2.0,73_87
2022/7/30,2B0,11,6681.0,,
2022/8/15,2B0,11,6893.0,,
2022/8/3,2B0,11,6658.0,1.0,76
2022/9/1,2B0,11,7130.0,,
2022/9/20,2B0,11,7421.0,4.0,25_43_118_120
2022/9/28,2B0,11,7470.0,,
2022/9/3,2B0,11,7168.0,1.0,76
2022/9/5,2B0,11,7519.0,3.0,29_90_121
2023/1/10,2B0,11,8833.0,4.0,29_51_118_120
2023/1/12,2B0,11,8868.0,3.0,60_74_77
2023/1/18,2B0,11,8981.0,2.0,56_119
2023/1/28,2B0,11,9151.0,2.0,48_120
2023/1/3,2B0,11,8718.0,2.0,49_58
2023/2/6,2B0,11,9384.0,,
2022/10/31,2B0,12,8177.0,,
2022/11/2,2B0,12,8177.0,2.0,68_102
2022/11/28,2B0,12,8640.0,,
2022/12/22,2B0,12,8964.0,2.0,11_104
2022/12/28,2B0,12,9117.0,,
2022/12/4,2B0,12,8640.0,3.0,19_29_85
2022/4/20,2B0,12,5168.0,3.0,66_77_75
2022/4/7,2B0,12,4939.0,2.0,34_92
2022/5/4,2B0,12,5443.0,,
2022/6/2,2B0,12,6043.0,,
2022/6/20,2B0,12,6332.0,1.0,24
2022/6/30,2B0,12,6523.0,,
2022/6/7,2B0,12,6080.0,5.0,28_31_34_36_60
2022/7/30,2B0,12,7016.0,,
2022/8/15,2B0,12,7224.0,,
2022/9/1,2B0,12,7455.0,,
2022/9/28,2B0,12,7812.0,,
2022/9/3,2B0,12,7492.0,1.0,8
2022/9/5,2B0,12,7510.0,2.0,13_96
2023/1/10,2B0,12,9319.0,2.0,98_87
2023/1/16,2B0,12,9435.0,3.0,10_15_79
2023/2/6,2B0,12,9837.0,,
2022/10/19,2B0,13,7575.0,2.0,32_55
2022/10/28,2B0,13,7691.0,1.0,119
2022/10/31,2B0,13,7781.0,,
2022/11/16,2B0,13,7971.0,2.0,41_98
2022/11/17,2B0,13,7971.0,1.0,29
2022/11/28,2B0,13,8210.0,,
2022/11/4,2B0,13,7820.0,2.0,55_89
2022/12/19,2B0,13,8556.0,2.0,78_113
2022/12/26,2B0,13,8665.0,3.0,23_32_121
2022/12/28,2B0,13,8731.0,,
2022/2/27,2B0,13,3941.0,3.0,29_55_77
2022/5/4,2B0,13,5191.0,,
2022/6/13,2B0,13,5981.0,2.0,25_27
2022/6/2,2B0,13,5788.0,,
2022/6/23,2B0,13,6163.0,2.0,60_66
2022/6/30,2B0,13,6303.0,,
2022/6/7,2B0,13,5869.0,3.0,58_86_96
2022/7/30,2B0,13,6791.0,,
2022/7/7,2B0,13,6398.0,2.0,29_111
2022/8/15,2B0,13,7003.0,,
2022/9/1,2B0,13,7230.0,,
2022/9/12,2B0,13,7360.0,3.0,74_76_100
2022/9/28,2B0,13,7539.0,,
2022/9/7,2B0,13,7310.0,1.0,100
2023/1/16,2B0,13,9038.0,2.0,15_23
2023/1/24,2B0,13,9178.0,2.0,8_36
2023/2/4,2B0,13,9365.0,2.0,19_41
2023/2/6,2B0,13,9443.0,,
2022/10/19,2B0,14,7986.0,2.0,83_106
2022/10/31,2B0,14,8138.0,,
2022/11/2,2B0,14,8138.0,2.0,89_115
2022/11/21,2B0,14,8433.0,2.0,48_74
2022/11/28,2B0,14,8574.0,,
2022/11/4,2B0,14,8167.0,2.0,9_41
2022/12/28,2B0,14,9050.0,,
2022/12/30,2B0,14,9050.0,3.0,29_45_80
2022/12/8,2B0,14,8629.0,3.0,19_66_94
2022/3/7,2B0,14,4525.0,2.0,49_117
2022/4/7,2B0,14,5109.0,3.0,29_51_85
2022/5/11,2B0,14,5762.0,3.0,28_29_51
2022/5/4,2B0,14,5613.0,,
2022/6/2,2B0,14,6205.0,,
2022/6/27,2B0,14,6875.0,2.0,76_104
2022/6/30,2B0,14,6758.0,,
2022/7/27,2B0,14,7151.0,2.0,80_94
2022/7/30,2B0,14,7240.0,,
2022/7/8,2B0,14,6881.0,2.0,26_109
2022/8/15,2B0,14,7396.0,,
2022/8/8,2B0,14,7206.0,3.0,23_42_68
2022/9/1,2B0,14,7623.0,,
2022/9/16,2B0,14,7840.0,2.0,49_113
2022/9/28,2B0,14,7950.0,,
2022/9/9,2B0,14,7738.0,2.0,83_87
2023/1/11,2B0,14,9289.0,4.0,2_95_102_111
2023/1/16,2B0,14,9358.0,3.0,42_49_96
2023/1/28,2B0,14,9569.0,3.0,43_117_119
2023/1/3,2B0,14,9126.0,3.0,8_51_87
2023/2/6,2B0,14,9805.0,,
2022/10/19,2B0,15,6353.0,2.0,66_93
2022/10/27,2B0,15,6449.0,3.0,29_88_92
2022/10/31,2B0,15,6558.0,,
2022/11/14,2B0,15,6735.0,2.0,67_69
2022/11/17,2B0,15,6773.0,1.0,92
2022/11/28,2B0,15,6988.0,,
2022/12/28,2B0,15,15104.0,2.0,67_92
2022/2/19,2B0,15,2527.0,1.0,69
2022/5/23,2B0,15,4238.0,1.0,79
2022/5/4,2B0,15,3863.0,,
2022/6/2,2B0,15,4427.0,,
2022/6/30,2B0,15,4960.0,,
2022/6/7,2B0,15,4504.0,1.0,86
2022/7/30,2B0,15,5428.0,,
2022/7/6,2B0,15,5016.0,1.0,76
2022/8/15,2B0,15,5633.0,,
2022/8/19,2B0,15,5662.0,1.0,67
2022/9/1,2B0,15,5851.0,,
2022/9/20,2B0,15,6169.0,1.0,69
2022/9/28,2B0,15,6202.0,,
2023/1/24,2B0,15,8053.0,3.0,29_23_24
2023/2/6,2B0,15,16613.0,3.0,67_90_92
2022/10/19,2B0,16,7776.0,3.0,22_29_36
2022/10/31,2B0,16,7986.0,,
2022/11/16,2B0,16,8173.0,2.0,54_96
2022/11/28,2B0,16,8423.0,,
2022/11/7,2B0,16,8046.0,1.0,52
2022/12/11,2B0,16,8646.0,2.0,15_93
2022/12/14,2B0,16,8689.0,2.0,20_36
2022/12/19,2B0,16,8748.0,2.0,98_120
2022/12/23,2B0,16,8819.0,2.0,66_73
2022/12/28,2B0,16,8955.0,,
2022/2/17,2B0,16,3920.0,3.0,29_56_94
2022/4/1,2B0,16,4709.0,1.0,29
2022/4/3,2B0,16,4725.0,2.0,33_96
2022/5/4,2B0,16,5281.0,,
2022/6/16,2B0,16,6152.0,2.0,35_83
2022/6/2,2B0,16,5882.0,,
2022/6/30,2B0,16,6433.0,,
2022/7/12,2B0,16,6589.0,2.0,47_87
2022/7/27,2B0,16,6794.0,2.0,23_50
2022/7/30,2B0,16,6883.0,,
2022/8/15,2B0,16,7091.0,,
2022/8/22,2B0,16,7157.0,2.0,29_60
2022/8/29,2B0,16,7263.0,2.0,53_79
2022/9/1,2B0,16,7296.0,,
2022/9/20,2B0,16,7615.0,2.0,21_60
2022/9/28,2B0,16,7657.0,,
2023/1/10,2B0,16,9086.0,2.0,20_68
2023/1/16,2B0,16,9150.0,2.0,57_98
2023/1/3,2B0,16,8988.0,2.0,43_74
2023/2/1,2B0,16,9437.0,2.0,55_119
2023/2/6,2B0,16,19075.0,1.0,94
2022/10/31,2B0,17,8059.0,,
2022/11/11,2B0,17,8168.0,2.0,23_40
2022/11/2,2B0,17,8059.0,2.0,47_70
2022/11/28,2B0,17,8498.0,,
2022/12/27,2B0,17,8985.0,3.0,26_91_115
2022/12/28,2B0,17,9030.0,,
2022/12/8,2B0,17,8636.0,3.0,19_29_93
2022/3/15,2B0,17,4551.0,2.0,48_51
2022/3/26,2B0,17,4707.0,3.0,117_4_29
2022/5/4,2B0,17,5429.0,,
2022/6/2,2B0,17,6024.0,,
2022/6/30,2B0,17,6571.0,,
2022/7/30,2B0,17,7036.0,,
2022/7/8,2B0,17,6679.0,2.0,58_83
2022/8/15,2B0,17,7210.0,,
2022/8/8,2B0,17,7304.0,2.0,80_81
2022/9/1,2B0,17,7433.0,,
2022/9/12,2B0,17,7586.0,2.0,27_60
2022/9/28,2B0,17,7770.0,,
2023/1/31,2B0,17,9674.0,3.0,16_72_98
2023/2/6,2B0,17,9846.0,,
2022/10/31,2B0,18,8220.0,,
2022/11/2,2B0,18,8220.0,2.0,76_83
2022/11/21,2B0,18,8502.0,4.0,17_29_53_99
2022/11/28,2B0,18,8604.0,,
2022/12/21,2B0,18,8958.0,3.0,57_59_98
2022/12/28,2B0,18,9127.0,,
2022/4/3,2B0,18,4983.0,3.0,26_29_56
2022/5/4,2B0,18,5531.0,,
2022/6/17,2B0,18,6408.0,2.0,107_121
2022/6/2,2B0,18,6128.0,,
2022/6/30,2B0,18,6660.0,,
2022/7/30,2B0,18,7137.0,,
2022/8/15,2B0,18,7335.0,,
2022/8/3,2B0,18,7132.0,2.0,89_101
2022/9/1,2B0,18,7555.0,,
2022/9/14,2B0,18,7785.0,2.0,25_41
2022/9/28,2B0,18,7931.0,,
2023/2/6,2B0,18,0.0,,
2022/10/31,2B0,19,8023.0,,
2022/11/28,2B0,19,8505.0,,
2022/12/11,2B0,19,8704.0,3.0,3_29_58
2022/12/27,2B0,19,9006.0,3.0,8_28_78
2022/12/28,2B0,19,9048.0,,
2022/2/17,2B0,19,4010.0,3.0,27_29_74
2022/4/29,2B0,19,5252.0,3.0,25_78_80
2022/5/4,2B0,19,5336.0,,
2022/6/2,2B0,19,5930.0,,
2022/6/30,2B0,19,6463.0,,
2022/6/9,2B0,19,6053.0,4.0,42_44_103_105
2022/7/30,2B0,19,6941.0,,
2022/8/15,2B0,19,7142.0,,
2022/8/29,2B0,19,7320.0,2.0,34_57
2022/9/1,2B0,19,7352.0,,
2022/9/28,2B0,19,7727.0,,
2023/1/16,2B0,19,9370.0,3.0,29_38_58
2023/1/7,2B0,19,9209.0,3.0,19_48_86
2023/2/4,2B0,19,9695.0,3.0,18_23_31
2023/2/6,2B0,19,9791.0,,
2022/10/20,2C0,1,8075.0,2.0,91_119
2022/10/31,2C0,1,8254.0,,
2022/11/21,2C0,1,8566.0,3.0,28_85_115
2022/11/28,2C0,1,17349.0,2.0,44_49
2022/12/11,2C0,1,8871.0,3.0,12_25_83
2022/12/28,2C0,1,0.0,,
2022/12/4,2C0,1,8758.0,3.0,48_59_111
2022/2/19,2C0,1,4293.0,1.0,83
2022/3/4,2C0,1,4514.0,2.0,44_121
2022/4/22,2C0,1,5378.0,2.0,14_94
2022/4/7,2C0,1,5117.0,2.0,2_19
2022/5/28,2C0,1,6072.0,3.0,6_24_59
2022/5/4,2C0,1,11214.0,2.0,70_93
2022/6/17,2C0,1,6438.0,3.0,11_23_42
2022/6/2,2C0,1,6165.0,,
2022/6/30,2C0,1,6690.0,,
2022/7/30,2C0,1,7033.0,,
2022/7/6,2C0,1,6698.0,2.0,104_118
2022/8/15,2C0,1,7204.0,,
2022/8/3,2C0,1,7029.0,3.0,40_59_92
2022/8/30,2C0,1,7402.0,2.0,13_26
2022/8/8,2C0,1,7076.0,3.0,26_51_96
2022/9/1,2C0,1,7418.0,,
2022/9/12,2C0,1,7604.0,3.0,15_79_81
2022/9/20,2C0,1,7728.0,1.0,107
2022/9/28,2C0,1,7879.0,,
2022/9/30,2C0,1,7899.0,2.0,8_109
2023/2/6,2C0,1,515.0,,
2022/10/28,2C0,2,7652.0,2.0,80_93
2022/10/31,2C0,2,7741.0,,
2022/11/28,2C0,2,8215.0,,
2022/11/7,2C0,2,7834.0,2.0,37_99
2022/12/17,2C0,2,8517.0,3.0,27_87_96
2022/12/26,2C0,2,8636.0,3.0,28_57_66
2022/12/28,2C0,2,8701.0,,
2022/12/8,2C0,2,8368.0,2.0,38_107
2022/4/3,2C0,2,4212.0,3.0,26_52_67
2022/5/4,2C0,2,4763.0,,
2022/6/11,2C0,2,5531.0,4.0,25_27_69_108
2022/6/2,2C0,2,5359.0,,
2022/6/30,2C0,2,5893.0,,
2022/7/12,2C0,2,6044.0,2.0,22_111
2022/7/30,2C0,2,6353.0,,
2022/8/15,2C0,2,6549.0,,
2022/8/26,2C0,2,6680.0,4.0,26_28_65_104
2022/9/1,2C0,2,6765.0,,
2022/9/14,2C0,2,6965.0,2.0,4_106
2022/9/28,2C0,2,7208.0,,
2022/9/7,2C0,2,6871.0,3.0,43_65_102
2023/1/11,2C0,2,8954.0,3.0,28_40_89
2023/1/27,2C0,2,9196.0,3.0,21_50_117
2023/1/31,2C0,2,9218.0,3.0,25_26_101
2023/2/6,2C0,2,9351.0,,
2022/1/17,2C0,3,3651.0,3.0,33_51_86
2022/10/31,2C0,3,8609.0,,
2022/11/2,2C0,3,8609.0,3.0,6_53_69
2022/11/28,2C0,3,9064.0,,
2022/12/11,2C0,3,9281.0,2.0,15_38
2022/12/17,2C0,3,9346.0,2.0,41_88
2022/12/28,2C0,3,0.0,,
2022/5/4,2C0,3,5646.0,,
2022/6/2,2C0,3,6249.0,,
2022/6/20,2C0,3,6575.0,3.0,49_74_86
2022/6/30,2C0,3,6761.0,,
2022/7/30,2C0,3,7239.0,,
2022/8/15,2C0,3,7429.0,,
2022/8/19,2C0,3,7434.0,4.0,41_43_54_68
2022/9/1,2C0,3,7621.0,,
2022/9/28,2C0,3,8091.0,,
2023/2/6,2C0,3,512.0,,
2022/10/31,2C0,4,7275.0,,
2022/11/28,2C0,4,7746.0,,
2022/12/21,2C0,4,8030.0,3.0,44_70_95
2022/12/28,2C0,4,8200.0,,
2022/12/4,2C0,4,7746.0,2.0,40_79
2022/5/4,2C0,4,4337.0,,
2022/6/2,2C0,4,4926.0,,
2022/6/30,2C0,4,5473.0,,
2022/7/30,2C0,4,5954.0,,
2022/8/15,2C0,4,6144.0,,
2022/8/19,2C0,4,6147.0,4.0,57_59_94_96
2022/9/1,2C0,4,6327.0,,
2022/9/28,2C0,4,6798.0,,
2023/1/31,2C0,4,8825.0,3.0,19_68_96
2023/2/6,2C0,4,8960.0,,
2022/10/27,2C0,5,8313.0,2.0,91_120
2022/10/31,2C0,5,8420.0,,
2022/11/28,2C0,5,8676.0,,
2022/12/28,2C0,5,8676.0,,
2022/4/1,2C0,5,5000.0,2.0,86_87
2022/5/13,2C0,5,5772.0,2.0,18_89
2022/5/4,2C0,5,5592.0,,
2022/6/2,2C0,5,6162.0,,
2022/6/30,2C0,5,6711.0,,
2022/7/30,2C0,5,7184.0,,
2022/8/13,2C0,5,7310.0,2.0,34_119
2022/8/15,2C0,5,7356.0,,
2022/8/29,2C0,5,7504.0,1.0,44
2022/8/3,2C0,5,7163.0,2.0,40_85
2022/9/1,2C0,5,7534.0,,
2022/9/23,2C0,5,7910.0,2.0,22_26
2022/9/28,2C0,5,7995.0,,
2023/1/12,2C0,5,8676.0,1.0,32
2023/2/6,2C0,5,9162.0,,
2022/10/20,2C0,6,8096.0,3.0,23_38_42
2022/10/31,2C0,6,8263.0,,
2022/11/21,2C0,6,8521.0,3.0,13_79_111
2022/11/28,2C0,6,8664.0,,
2022/11/4,2C0,6,8301.0,3.0,49_47_100
2022/12/21,2C0,6,9016.0,2.0,15_108
2022/12/26,2C0,6,9118.0,3.0,45_46_50
2022/12/28,2C0,6,9185.0,,
2022/12/9,2C0,6,8831.0,3.0,38_93_116
2022/4/22,2C0,6,5192.0,3.0,46_47_108
2022/5/31,2C0,6,5977.0,3.0,48_75_106
2022/5/4,2C0,6,5424.0,,
2022/6/2,2C0,6,6017.0,,
2022/6/30,2C0,6,6564.0,,
2022/7/30,2C0,6,7018.0,,
2022/8/15,2C0,6,7206.0,,
2022/8/29,2C0,6,7367.0,2.0,50_55
2022/8/3,2C0,6,7000.0,2.0,21_40
2022/9/1,2C0,6,7397.0,,
2022/9/28,2C0,6,7861.0,,
2023/1/21,2C0,6,9636.0,4.0,6_30_45_47
2023/2/6,2C0,6,22.0,,
2022/10/31,2C0,7,8516.0,,
2022/11/28,2C0,7,8923.0,,
2022/11/7,2C0,7,8598.0,3.0,74_78_81
2022/12/22,2C0,7,9316.0,4.0,16_45_67_109
2022/12/28,2C0,7,9467.0,,
2022/5/4,2C0,7,5594.0,,
2022/6/2,2C0,7,6190.0,,
2022/6/30,2C0,7,6737.0,,
2022/7/30,2C0,7,7200.0,,
2022/8/15,2C0,7,7379.0,,
2022/8/30,2C0,7,7561.0,3.0,26_49_98
2022/9/1,2C0,7,7573.0,,
2022/9/28,2C0,7,8035.0,,
2023/2/4,2C0,7,10146.0,3.0,72_80_100
2023/2/6,2C0,7,10206.0,,
2022/10/20,2C0,8,8158.0,3.0,52_55_58
2022/10/31,2C0,8,8326.0,,
2022/11/16,2C0,8,8521.0,3.0,60_66_76
2022/11/28,2C0,8,8758.0,,
2022/12/19,2C0,8,9054.0,4.0,72_82_84_116
2022/12/28,2C0,8,9262.0,,
2022/12/30,2C0,8,9277.0,3.0,8_35_91
2022/12/4,2C0,8,8831.0,3.0,34_85_107
2022/3/15,2C0,8,4622.0,4.0,37_49_96_100
2022/4/29,2C0,8,5391.0,3.0,51_89_96
2022/5/18,2C0,8,5764.0,2.0,36_77
2022/5/24,2C0,8,5878.0,3.0,39_47_104
2022/5/4,2C0,8,5475.0,,
2022/6/2,2C0,8,6050.0,,
2022/6/30,2C0,8,6595.0,,
2022/7/30,2C0,8,7034.0,,
2022/7/6,2C0,8,6647.0,3.0,4_10_102
2022/8/15,2C0,8,7186.0,,
2022/8/5,2C0,8,7042.0,3.0,58_79_87
2022/9/1,2C0,8,7386.0,,
2022/9/14,2C0,8,7582.0,3.0,15_43_65
2022/9/23,2C0,8,7753.0,3.0,70_74_81
2022/9/28,2C0,8,7807.0,,
2023/1/16,2C0,8,9592.0,2.0,54_80
2023/1/18,2C0,8,9600.0,2.0,43_108
2023/1/21,2C0,8,9636.0,2.0,39_51
2023/1/24,2C0,8,9667.0,3.0,56_64_113
2023/2/6,2C0,8,9927.0,,
2022/10/19,2C0,9,8044.0,3.0,49_55_58
2022/10/31,2C0,9,8237.0,,
2022/11/28,2C0,9,17307.0,2.0,60_92
2022/12/28,2C0,9,9214.0,,
2022/5/4,2C0,9,5562.0,,
2022/6/2,2C0,9,6156.0,,
2022/6/30,2C0,9,6649.0,,
2022/7/30,2C0,9,7019.0,,
2022/7/7,2C0,9,6649.0,3.0,25_29_45
2022/8/15,2C0,9,7194.0,,
2022/9/1,2C0,9,7394.0,,
2022/9/28,2C0,9,7840.0,,
2022/9/30,2C0,9,7843.0,2.0,43_56
2023/1/31,2C0,9,9795.0,3.0,32_45_113
2023/1/7,2C0,9,9346.0,3.0,74_87_96
2023/2/6,2C0,9,9930.0,,
2022/10/19,2C0,10,8223.0,2.0,60_76
2022/10/28,2C0,10,8312.0,3.0,20_46_117
2022/10/31,2C0,10,8401.0,,
2022/11/28,2C0,10,8854.0,,
2022/12/22,2C0,10,9193.0,3.0,76_88_92
2022/12/28,2C0,10,9343.0,,
2022/12/8,2C0,10,8964.0,3.0,27_53_80
2022/5/4,2C0,10,5561.0,,
2022/6/1,2C0,10,6113.0,3.0,11_38_83
2022/6/2,2C0,10,6121.0,,
2022/6/30,2C0,10,6661.0,,
2022/7/25,2C0,10,6975.0,4.0,30_32_86_92
2022/7/30,2C0,10,7088.0,,
2022/8/15,2C0,10,7253.0,,
2022/9/1,2C0,10,7448.0,,
2022/9/28,2C0,10,7898.0,,
2023/1/12,2C0,10,9624.0,3.0,39_41_57
2023/2/6,2C0,10,9729.0,,
2022/10/19,2C0,11,7992.0,3.0,10_47_76
2022/10/31,2C0,11,8184.0,,
2022/11/28,2C0,11,8611.0,,
2022/11/7,2C0,11,8244.0,3.0,28_106_115
2022/12/22,2C0,11,8937.0,3.0,32_47_49
2022/12/28,2C0,11,9086.0,,
2022/12/4,2C0,11,8657.0,3.0,3_26_68
2022/3/21,2C0,11,4624.0,3.0,19_35_117
2022/5/4,2C0,11,5417.0,,
2022/5/6,2C0,11,5450.0,3.0,17_45_48
2022/6/2,2C0,11,5986.0,,
2022/6/30,2C0,11,6516.0,,
2022/7/19,2C0,11,6755.0,3.0,43_52_109
2022/7/30,2C0,11,6919.0,,
2022/8/15,2C0,11,7077.0,,
2022/8/26,2C0,11,7185.0,3.0,12_39_121
2022/8/3,2C0,11,6902.0,2.0,100_107
2022/8/5,2C0,11,6934.0,2.0,89_90
2022/9/1,2C0,11,7260.0,,
2022/9/28,2C0,11,7698.0,,
2022/9/30,2C0,11,7698.0,3.0,89_102_112
2023/1/28,2C0,11,9613.0,3.0,33_77_96
2023/1/3,2C0,11,9171.0,3.0,38_92_111
2023/1/7,2C0,11,9217.0,3.0,68_81_102
2023/2/6,2C0,11,9798.0,,
2022/10/27,2C0,12,8142.0,3.0,26_76_112
2022/10/31,2C0,12,8249.0,,
2022/11/21,2C0,12,8511.0,3.0,17_25_91
2022/11/28,2C0,12,8649.0,,
2022/12/11,2C0,12,8867.0,3.0,41_100_118
2022/12/17,2C0,12,8950.0,3.0,11_51_113
2022/12/26,2C0,12,9067.0,3.0,26_39_101
2022/12/28,2C0,12,9132.0,,
2022/2/3,2C0,12,3823.0,4.0,27_34_35_41
2022/5/4,2C0,12,5442.0,,
2022/6/18,2C0,12,6294.0,3.0,24_90_99
2022/6/2,2C0,12,6023.0,,
2022/6/30,2C0,12,6518.0,,
2022/6/7,2C0,12,6094.0,3.0,28_42_87
2022/7/30,2C0,12,6962.0,,
2022/8/15,2C0,12,7135.0,,
2022/8/3,2C0,12,6960.0,3.0,10_30_120
2022/9/1,2C0,12,7330.0,,
2022/9/17,2C0,12,7528.0,3.0,1_40_119
2022/9/28,2C0,12,7757.0,,
2023/1/10,2C0,12,9339.0,3.0,44_73_119
2023/1/21,2C0,12,9530.0,2.0,2_107
2023/2/6,2C0,12,19619.0,3.0,4_41_79
2022/10/20,2C0,13,8087.0,3.0,72_75_90
2022/10/31,2C0,13,8250.0,,
2022/11/11,2C0,13,8395.0,3.0,16_23_68
2022/11/28,2C0,13,8686.0,,
2022/12/14,2C0,13,8869.0,3.0,7_110_115
2022/12/28,2C0,13,9103.0,,
2022/12/4,2C0,13,8696.0,3.0,12_21_70
2022/5/28,2C0,13,5896.0,3.0,57_59_77
2022/5/4,2C0,13,5405.0,,
2022/6/2,2C0,13,5984.0,,
2022/6/30,2C0,13,6521.0,,
2022/7/30,2C0,13,6952.0,,
2022/8/15,2C0,13,7116.0,,
2022/8/3,2C0,13,6932.0,3.0,14_63_75
2022/9/1,2C0,13,7312.0,,
2022/9/28,2C0,13,7758.0,,
2023/1/3,2C0,13,9131.0,3.0,43_54_66
2023/2/6,2C0,13,0.0,,
2022/10/31,2C0,14,8062.0,,
2022/11/28,2C0,14,8499.0,,
2022/12/28,2C0,14,9031.0,,
2022/12/8,2C0,14,8645.0,3.0,11_76_80
2022/5/4,2C0,14,5451.0,,
2022/6/11,2C0,14,6192.0,3.0,10_44_58
2022/6/2,2C0,14,6024.0,,
2022/6/30,2C0,14,6543.0,,
2022/7/30,2C0,14,6995.0,,
2022/8/15,2C0,14,7149.0,,
2022/8/24,2C0,14,7234.0,3.0,9_12_13
2022/9/1,2C0,14,7338.0,,
2022/9/28,2C0,14,7761.0,,
2023/1/11,2C0,14,9287.0,3.0,30_60_105
2023/1/24,2C0,14,9494.0,3.0,13_26_81
2023/2/6,2C0,14,9746.0,,
2022/10/31,2C0,15,7371.0,,
2022/11/28,2C0,15,7371.0,,
2022/12/28,2C0,15,7371.0,,
2022/5/4,2C0,15,5306.0,,
2022/6/2,2C0,15,5880.0,,
2022/6/30,2C0,15,6421.0,,
2022/7/30,2C0,15,6870.0,,
2022/8/15,2C0,15,7022.0,,
2022/8/8,2C0,15,6918.0,3.0,23_96_118
2022/9/1,2C0,15,7213.0,,
2022/9/28,2C0,15,7371.0,,
2022/9/5,2C0,15,7276.0,3.0,26_77_79
2023/2/6,2C0,15,7371.0,,
2022/10/31,2C0,16,7569.0,,
2022/11/28,2C0,16,7569.0,,
2022/12/28,2C0,16,7569.0,,
2022/4/3,2C0,16,4776.0,2.0,65_105
2022/5/15,2C0,16,5527.0,1.0,63
2022/5/4,2C0,16,5310.0,,
2022/6/2,2C0,16,5866.0,,
2022/6/30,2C0,16,6367.0,,
2022/7/1,2C0,16,6367.0,2.0,107_112
2022/7/23,2C0,16,6652.0,2.0,55_98
2022/7/30,2C0,16,6802.0,,
2022/8/15,2C0,16,6968.0,,
2022/8/29,2C0,16,7121.0,2.0,109_117
2022/9/1,2C0,16,7147.0,,
2022/9/28,2C0,16,7569.0,,
2023/2/6,2C0,16,7569.0,,
2055/5/27,2C0,16,5752.0,1.0,59
2022/10/31,2C0,17,8074.0,,
2022/11/2,2C0,17,8074.0,3.0,55_67_72
2022/11/21,2C0,17,8340.0,3.0,31_47_72
2022/11/28,2C0,17,8496.0,,
2022/12/28,2C0,17,9006.0,,
2022/12/30,2C0,17,9006.0,3.0,23_70_117
2022/4/29,2C0,17,5244.0,3.0,58_65_119
2022/5/15,2C0,17,5551.0,1.0,121
2022/5/4,2C0,17,5322.0,,
2022/6/2,2C0,17,5900.0,,
2022/6/30,2C0,17,6438.0,,
2022/7/30,2C0,17,6885.0,,
2022/8/15,2C0,17,7045.0,,
2022/8/3,2C0,17,6881.0,4.0,26_42_63_65
2022/8/30,2C0,17,7214.0,3.0,28_60_65
2022/9/1,2C0,17,7226.0,,
2022/9/28,2C0,17,7664.0,,
2023/1/12,2C0,17,9243.0,3.0,35_109_114
2023/2/6,2C0,17,9706.0,,
2022/10/31,2C0,18,8157.0,,
2022/11/16,2C0,18,8366.0,3.0,20_90_92
2022/11/21,2C0,18,8425.0,3.0,28_45_57
2022/11/28,2C0,18,8558.0,,
2022/12/28,2C0,18,18133.0,3.0,4_72_87
2022/5/4,2C0,18,5356.0,,
2022/6/2,2C0,18,5928.0,,
2022/6/30,2C0,18,6454.0,,
2022/7/30,2C0,18,6902.0,,
2022/8/15,2C0,18,7052.0,,
2022/8/5,2C0,18,6921.0,4.0,26_28_87_119
2022/9/1,2C0,18,7234.0,,
2022/9/23,2C0,18,7566.0,2.0,39_87
2022/9/28,2C0,18,7651.0,,
2023/1/24,2C0,18,9480.0,3.0,19_68_83
2023/2/1,2C0,18,9592.0,3.0,68_78_111
2023/2/6,2C0,18,9704.0,,
2022/10/31,2C0,19,7936.0,,
2022/11/28,2C0,19,8363.0,,
2022/12/17,2C0,19,8650.0,3.0,28_58_121
2022/12/28,2C0,19,8871.0,,
2022/3/23,2C0,19,4489.0,3.0,58_73_80
2022/5/4,2C0,19,5215.0,,
2022/6/17,2C0,19,6033.0,3.0,46_66_83
2022/6/2,2C0,19,5788.0,,
2022/6/30,2C0,19,6271.0,,
2022/7/30,2C0,19,6731.0,,
2022/8/15,2C0,19,6896.0,,
2022/8/26,2C0,19,6931.0,2.0,38_40
2022/9/1,2C0,19,7001.0,,
2022/9/28,2C0,19,7431.0,,
2023/1/24,2C0,19,9295.0,3.0,62_95_121
2023/2/4,2C0,19,9454.0,3.0,18_23_31
2023/2/6,2C0,19,9514.0,,
2022/10/10,2D0,1,7934.0,2.0,21_36
2022/10/13,2D0,1,8140.0,3.0,23_60_96
2022/10/31,2D0,1,8411.0,,
2022/11/2,2D0,1,8411.0,3.0,26_65_86
2022/11/21,2D0,1,8666.0,3.0,19_47_58
2022/11/28,2D0,1,8800.0,,
2022/12/17,2D0,1,9115.0,4.0,16_60_80_110
2022/12/28,2D0,1,9356.0,,
2022/3/31,2D0,1,4899.0,4.0,30_32_49_84
2022/5/31,2D0,1,6113.0,3.0,17_21_82
2022/5/4,2D0,1,5589.0,,
2022/6/2,2D0,1,6151.0,,
2022/6/30,2D0,1,6678.0,,
2022/7/30,2D0,1,7135.0,,
2022/8/15,2D0,1,7297.0,,
2022/8/30,2D0,1,7455.0,5.0,14_15_16_19_81
2022/9/1,2D0,1,7464.0,,
2022/9/28,2D0,1,7910.0,,
2023/1/24,2D0,1,9800.0,3.0,6_26_43
2023/1/7,2D0,1,9519.0,3.0,25_88_91
2023/2/6,2D0,1,9989.0,,
2022/10/11,2D0,2,8072.0,4.0,15_70_85_121
2022/10/31,2D0,2,8371.0,,
2022/11/28,2D0,2,8764.0,,
2022/11/9,2D0,2,8431.0,4.0,6_10_86_88
2022/12/14,2D0,2,8987.0,3.0,4_8_16
2022/12/23,2D0,2,9128.0,4.0,68_84_86_94
2022/12/28,2D0,2,9260.0,,
2022/4/26,2D0,2,5419.0,3.0,86_88_93
2022/5/4,2D0,2,5548.0,,
2022/6/2,2D0,2,6125.0,,
2022/6/30,2D0,2,6660.0,,
2022/7/30,2D0,2,7117.0,,
2022/8/15,2D0,2,7249.0,,
2022/9/1,2D0,2,7441.0,,
2022/9/28,2D0,2,7879.0,,
2023/1/21,2D0,2,9629.0,3.0,8_58_92
2023/1/4,2D0,2,9320.0,3.0,49_92_113
2023/2/6,2D0,2,9861.0,,
2022/10/31,2D0,3,8384.0,,
2022/10/5,2D0,3,7985.0,4.0,4_91_97_115
2022/11/28,2D0,3,8798.0,,
2022/11/9,2D0,3,8465.0,3.0,8_91_92
2022/12/28,2D0,3,9328.0,,
2022/12/9,2D0,3,8937.0,4.0,11_57_91_93
2022/5/4,2D0,3,5546.0,,
2022/6/2,2D0,3,6122.0,,
2022/6/30,2D0,3,6638.0,,
2022/7/30,2D0,3,7090.0,,
2022/8/15,2D0,3,7247.0,,
2022/9/1,2D0,3,7429.0,,
2022/9/28,2D0,3,7863.0,,
2023/1/21,2D0,3,9649.0,4.0,81_91_93_102
2023/1/24,2D0,3,9673.0,4.0,85_104_68_69
2023/1/4,2D0,3,9329.0,2.0,16_91
2023/2/1,2D0,3,9764.0,3.0,30_91_92
2023/2/6,2D0,3,9825.0,,
2022/10/10,2D0,4,6954.0,3.0,1_67_96
2022/10/19,2D0,4,8001.0,2.0,1_98
2022/10/31,2D0,4,8186.0,,
2022/11/16,2D0,4,8377.0,3.0,27_81_83
2022/11/28,2D0,4,8608.0,,
2022/12/26,2D0,4,8920.0,3.0,17_64_107
2022/12/28,2D0,4,8977.0,,
2022/12/5,2D0,4,8610.0,2.0,79_104
2022/2/19,2D0,4,3664.0,3.0,3_78_111
2022/4/20,2D0,4,5228.0,6.0,102_107_45_73_71_109
2022/5/4,2D0,4,5483.0,,
2022/6/2,2D0,4,6052.0,,
2022/6/30,2D0,4,6546.0,,
2022/6/8,2D0,4,6129.0,3.0,55_85_104
2022/7/30,2D0,4,7003.0,,
2022/8/15,2D0,4,7157.0,,
2022/9/1,2D0,4,7347.0,,
2022/9/12,2D0,4,7464.0,3.0,42_73_104
2022/9/28,2D0,4,7734.0,,
2023/2/6,2D0,4,9658.0,,
2022/10/10,2D0,5,8131.0,2.0,22_121
2022/10/13,2D0,5,7909.0,3.0,56_96_111
2022/10/31,2D0,5,8199.0,,
2022/11/18,2D0,5,8675.0,2.0,82_102
2022/11/28,2D0,5,8637.0,,
2022/12/17,2D0,5,8936.0,3.0,8_38_66
2022/12/28,2D0,5,9174.0,,
2022/5/4,2D0,5,5435.0,,
2022/6/2,2D0,5,6007.0,,
2022/6/30,2D0,5,6522.0,,
2022/7/25,2D0,5,6834.0,6.0,52_74_79_81_83_85
2022/7/30,2D0,5,6944.0,,
2022/8/15,2D0,5,7088.0,,
2022/9/1,2D0,5,7263.0,,
2022/9/28,2D0,5,7685.0,,
2023/1/11,2D0,5,9293.0,3.0,21_29_108
2023/1/21,2D0,5,9481.0,3.0,65_94_109
2023/1/4,2D0,5,9191.0,2.0,15_65
2023/2/1,2D0,5,9618.0,3.0,87_106_107
2023/2/6,2D0,5,9677.0,,
2022/10/10,2D0,6,7952.0,3.0,44_77_111
2022/10/10,2D0,6,7932.0,6.0,51_67_69_89_101_120
2022/10/20,2D0,6,8044.0,4.0,45_67_108_117
2022/10/31,2D0,6,8205.0,,
2022/11/28,2D0,6,17225.0,5.0,10_49_67_69_85
2022/12/28,2D0,6,9165.0,,
2022/5/4,2D0,6,5441.0,,
2022/6/2,2D0,6,6031.0,,
2022/6/30,2D0,6,6529.0,,
2022/7/30,2D0,6,6977.0,,
2022/8/15,2D0,6,7132.0,,
2022/9/1,2D0,6,7304.0,,
2022/9/28,2D0,6,7719.0,,
2023/2/6,2D0,6,9801.0,,
2022/10/10,2D0,7,8201.0,2.0,64_111
2022/10/31,2D0,7,8093.0,,
2022/10/5,2D0,7,7706.0,2.0,66_98
2022/11/28,2D0,7,8516.0,,
2022/12/14,2D0,7,8633.0,1.0,94
2022/12/19,2D0,7,8640.0,1.0,22
2022/12/26,2D0,7,8746.0,2.0,22_70
2022/12/28,2D0,7,8807.0,,
2022/4/24,2D0,7,5174.0,3.0,14_94_108
2022/5/4,2D0,7,5356.0,,
2022/6/2,2D0,7,5925.0,,
2022/6/30,2D0,7,6435.0,,
2022/7/30,2D0,7,6885.0,,
2022/8/15,2D0,7,7033.0,,
2022/8/27,2D0,7,7137.0,2.0,67_96
2022/9/1,2D0,7,7187.0,,
2022/9/28,2D0,7,7624.0,,
2023/1/11,2D0,7,9063.0,2.0,25_108
2023/1/21,2D0,7,9239.0,2.0,47_121
2023/2/6,2D0,7,9472.0,,
2022/10/31,2D0,8,16018.0,1.0,114
2022/11/11,2D0,8,8159.0,2.0,53_107
2022/11/21,2D0,8,8255.0,2.0,15_87
2022/11/28,2D0,8,8379.0,,
2022/12/23,2D0,8,8739.0,2.0,60_66
2022/12/26,2D0,8,8778.0,3.0,78_98_121
2022/12/28,2D0,8,8840.0,,
2022/12/9,2D0,8,8513.0,2.0,42_117
2022/5/4,2D0,8,5356.0,,
2022/6/2,2D0,8,5901.0,,
2022/6/30,2D0,8,6407.0,,
2022/7/30,2D0,8,6859.0,,
2022/8/15,2D0,8,7008.0,,
2022/9/1,2D0,8,7182.0,,
2022/9/28,2D0,8,7557.0,,
2022/9/5,2D0,8,7244.0,3.0,44_53_56
2023/1/27,2D0,8,9299.0,2.0,77_121
2023/1/7,2D0,8,8958.0,3.0,45_76_116
2023/2/6,2D0,8,9432.0,,
2022/10/10,2D0,9,7682.0,5.0,36_94_96_100_107
2022/10/31,2D0,9,7977.0,,
2022/11/16,2D0,9,8745.0,3.0,51_84_89
2022/11/28,2D0,9,8366.0,,
2022/12/14,2D0,9,8559.0,3.0,6_23_104
2022/12/23,2D0,9,8693.0,3.0,49_56_109
2022/12/28,2D0,9,8823.0,,
2022/5/4,2D0,9,5284.0,,
2022/6/2,2D0,9,5850.0,,
2022/6/30,2D0,9,6347.0,,
2022/7/30,2D0,9,6804.0,,
2022/8/15,2D0,9,6958.0,,
2022/9/1,2D0,9,7134.0,,
2022/9/28,2D0,9,7539.0,,
2023/2/6,2D0,9,9500.0,,
2022/10/31,2D0,10,7744.0,,
2022/11/28,2D0,10,8171.0,,
2022/12/14,2D0,10,8310.0,3.0,76_82_84
2022/12/28,2D0,10,8516.0,,
2022/5/4,2D0,10,5082.0,,
2022/6/2,2D0,10,5634.0,,
2022/6/30,2D0,10,6124.0,,
2022/7/30,2D0,10,6564.0,,
2022/8/15,2D0,10,6703.0,,
2022/9/1,2D0,10,6851.0,,
2022/9/28,2D0,10,7249.0,,
2023/1/7,2D0,10,8680.0,2.0,27_96
2023/2/6,2D0,10,9109.0,,
2022/10/10,2D0,11,7091.0,3.0,13_72_121
2022/10/19,2D0,11,7183.0,1.0,39
2022/10/20,2D0,11,7207.0,1.0,79
2022/10/31,2D0,11,14513.0,2.0,83_119
2022/11/16,2D0,11,7352.0,2.0,30_108
2022/11/2,2D0,11,7267.0,1.0,28
2022/11/21,2D0,11,7418.0,1.0,32
2022/11/28,2D0,11,7539.0,,
2022/11/9,2D0,11,7286.0,1.0,78
2022/12/19,2D0,11,7787.0,2.0,25_119
2022/12/23,2D0,11,7825.0,2.0,43_106
2022/12/27,2D0,11,7902.0,1.0,14
2022/12/28,2D0,11,7947.0,,
2022/12/5,2D0,11,7582.0,1.0,70
2022/2/17,2D0,11,3821.0,3.0,40_43_50
2022/4/18,2D0,11,4719.0,2.0,54_119
2022/4/9,2D0,11,4578.0,2.0,38_115
2022/5/4,2D0,11,4995.0,,
2022/6/2,2D0,11,5555.0,,
2022/6/30,2D0,11,6043.0,,
2022/7/27,2D0,11,6383.0,6.0,17_19_26_94_119_121
2022/7/30,2D0,11,6462.0,,
2022/8/15,2D0,11,6602.0,,
2022/8/27,2D0,11,6665.0,2.0,17_79
2022/9/1,2D0,11,6716.0,,
2022/9/19,2D0,11,6923.0,3.0,62_109_117
2022/9/28,2D0,11,7062.0,,
2022/9/9,2D0,11,6792.0,4.0,16_43_56_121
2023/1/16,2D0,11,8269.0,2.0,30_48
2023/1/21,2D0,11,8304.0,2.0,67_119
2023/1/24,2D0,11,8335.0,2.0,47_117
2023/1/4,2D0,11,8057.0,3.0,6_89_119
2023/2/6,2D0,11,8451.0,,
2022/10/14,2D0,12,7512.0,2.0,56_102
2022/10/31,2D0,12,7771.0,,
2022/11/28,2D0,12,8197.0,,
2022/12/26,2D0,12,8619.0,2.0,13_104
2022/12/28,2D0,12,8681.0,,
2022/12/9,2D0,12,8337.0,3.0,8_89_121
2022/5/4,2D0,12,5154.0,,
2022/6/2,2D0,12,5703.0,,
2022/6/30,2D0,12,6206.0,,
2022/7/30,2D0,12,6637.0,,
2022/8/15,2D0,12,6766.0,,
2022/9/1,2D0,12,6925.0,,
2022/9/28,2D0,12,7309.0,,
2022/9/30,2D0,12,7309.0,3.0,58_93_111
2023/1/27,2D0,12,9166.0,2.0,11_113
2023/1/7,2D0,12,8824.0,2.0,31_64
2023/2/6,2D0,12,9257.0,,
2022/10/10,2D0,13,7341.0,4.0,5_16_43_83
2022/10/31,2D0,13,7629.0,,
2022/11/28,2D0,13,8048.0,,
2022/12/11,2D0,13,8210.0,3.0,34_38_85
2022/12/28,2D0,13,8542.0,,
2022/5/24,2D0,13,5440.0,5.0,14_41_90_92_103
2022/5/4,2D0,13,5120.0,,
2022/6/2,2D0,13,5603.0,,
2022/6/30,2D0,13,6104.0,,
2022/7/30,2D0,13,6540.0,,
2022/8/15,2D0,13,6665.0,,
2022/9/1,2D0,13,6824.0,,
2022/9/28,2D0,13,7218.0,,
2023/1/16,2D0,13,8883.0,3.0,17_34_38
2023/1/27,2D0,13,9026.0,3.0,19_26_121
2023/2/1,2D0,13,9072.0,2.0,30_56
2023/2/6,2D0,13,9127.0,,
2022/10/31,2D0,14,7405.0,,
2022/11/2,2D0,14,7415.0,2.0,1_83
2022/11/21,2D0,14,7626.0,1.0,17
2022/11/28,2D0,14,7748.0,,
2022/12/14,2D0,14,7876.0,2.0,83_105
2022/12/28,2D0,14,8000.0,,
2022/12/5,2D0,14,7748.0,2.0,47_83
2022/5/4,2D0,14,4857.0,,
2022/6/2,2D0,14,5396.0,,
2022/6/30,2D0,14,5890.0,,
2022/7/30,2D0,14,6324.0,,
2022/8/15,2D0,14,6448.0,,
2022/9/1,2D0,14,6544.0,,
2022/9/19,2D0,14,6774.0,4.0,12_87_89_122
2022/9/28,2D0,14,6908.0,,
2023/2/6,2D0,14,8000.0,,
2022/10/19,2D0,15,7407.0,2.0,100_112
2022/10/31,2D0,15,7584.0,,
2022/11/28,2D0,15,7989.0,,
2022/12/26,2D0,15,8287.0,2.0,52_83
2022/12/28,2D0,15,8346.0,,
2022/12/5,2D0,15,7997.0,2.0,8_79
2022/5/4,2D0,15,5039.0,,
2022/6/2,2D0,15,5589.0,,
2022/6/30,2D0,15,6096.0,,
2022/7/30,2D0,15,6495.0,,
2022/7/7,2D0,15,6162.0,4.0,50_63_98_100
2022/8/15,2D0,15,6616.0,,
2022/9/1,2D0,15,6771.0,,
2022/9/28,2D0,15,7162.0,,
2023/1/11,2D0,15,8536.0,2.0,44_98
2023/1/16,2D0,15,8610.0,2.0,13_100
2023/2/1,2D0,15,8773.0,2.0,16_111
2023/2/6,2D0,15,8827.0,,
2022/10/13,2D0,16,7268.0,3.0,44_58_120
2022/10/31,2D0,16,7541.0,,
2022/11/28,2D0,16,7955.0,,
2022/12/11,2D0,16,8151.0,3.0,36_92_117
2022/12/17,2D0,16,8211.0,3.0,30_50_102
2022/12/28,2D0,16,8444.0,,
2022/5/4,2D0,16,4979.0,,
2022/6/2,2D0,16,5526.0,,
2022/6/30,2D0,16,6004.0,,
2022/7/30,2D0,16,6418.0,,
2022/8/15,2D0,16,6539.0,,
2022/8/30,2D0,16,6673.0,5.0,13_50_39_52_108
2022/9/1,2D0,16,6678.0,,
2022/9/28,2D0,16,7062.0,,
2023/1/4,2D0,16,8447.0,3.0,1_91_97
2023/2/1,2D0,16,8901.0,3.0,59_98_102
2023/2/6,2D0,16,8956.0,,
2022/10/10,2D0,17,7783.0,3.0,10_51_72
2022/10/13,2D0,17,7011.0,2.0,57_58
2022/10/31,2D0,17,7289.0,,
2022/11/11,2D0,17,7421.0,2.0,25_58
2022/11/28,2D0,17,7687.0,,
2022/12/11,2D0,17,7877.0,1.0,88
2022/12/14,2D0,17,7912.0,2.0,40_52
2022/12/28,2D0,17,8185.0,,
2022/5/4,2D0,17,4909.0,,
2022/6/2,2D0,17,5430.0,,
2022/6/30,2D0,17,5893.0,,
2022/7/30,2D0,17,6224.0,,
2022/7/7,2D0,17,5900.0,3.0,9_72_109
2022/8/13,2D0,17,6249.0,3.0,58_70_85
2022/8/15,2D0,17,6285.0,,
2022/9/1,2D0,17,6425.0,,
2022/9/28,2D0,17,6802.0,,
2023/2/6,2D0,17,8769.0,,
2022/10/13,2D0,18,7140.0,3.0,79_87_117
2022/10/31,2D0,18,14757.0,3.0,8_13_112
2022/11/21,2D0,18,7668.0,3.0,6_81_104
2022/11/28,2D0,18,7786.0,,
2022/12/17,2D0,18,8058.0,3.0,6_19_72
2022/12/28,2D0,18,8118.0,,
2022/5/28,2D0,18,5342.0,4.0,73_101_107_121
2022/5/4,2D0,18,4888.0,,
2022/6/2,2D0,18,5430.0,,
2022/6/30,2D0,18,5893.0,,
2022/7/23,2D0,18,6152.0,5.0,19_60_92_103_105
2022/7/30,2D0,18,6287.0,,
2022/8/15,2D0,18,6416.0,,
2022/9/1,2D0,18,6561.0,,
2022/9/28,2D0,18,6930.0,,
2023/2/6,2D0,18,8118.0,,
2022/10/13,2D0,19,7112.0,3.0,13_16_112
2022/10/31,2D0,19,7371.0,,
2022/11/18,2D0,19,8167.0,3.0,26_68_44
2022/11/28,2D0,19,7761.0,,
2022/12/28,2D0,19,8228.0,,
2022/12/5,2D0,19,7815.0,3.0,28_108_117
2022/5/4,2D0,19,4879.0,,
2022/6/2,2D0,19,5393.0,,
2022/6/30,2D0,19,5858.0,,
2022/7/30,2D0,19,6277.0,,
2022/8/15,2D0,19,6397.0,,
2022/8/19,2D0,19,6410.0,5.0,18_23_95_104_106
2022/9/1,2D0,19,6531.0,,
2022/9/28,2D0,19,6902.0,,
2023/2/6,2D0,19,8830.0,,
2055/5/27,2D0,19,5299.0,5.0,75_77_92_110_112
2022/10/14,2E0,1,6966.0,3.0,14_76_79
2022/10/31,2E0,1,7209.0,,
2022/11/16,2E0,1,7375.0,2.0,10_39
2022/11/28,2E0,1,7573.0,,
2022/12/11,2E0,1,7768.0,2.0,64_81
2022/12/28,2E0,1,8084.0,,
2022/5/19,2E0,1,5076.0,2.0,13_50
2022/5/4,2E0,1,4796.0,,
2022/6/14,2E0,1,5518.0,2.0,68_92
2022/6/2,2E0,1,5322.0,,
2022/6/30,2E0,1,5764.0,,
2022/7/30,2E0,1,6168.0,,
2022/8/15,2E0,1,6290.0,,
2022/9/1,2E0,1,6443.0,,
2022/9/26,2E0,1,6765.0,3.0,13_19_90
2022/9/28,2E0,1,6789.0,,
2023/1/7,2E0,1,8238.0,3.0,1_16_89
2023/2/6,2E0,1,8713.0,,
2022/10/31,2E0,2,7156.0,,
2022/10/5,2E0,2,6795.0,3.0,76_114_119
2022/11/25,2E0,2,7458.0,2.0,66_67
2022/11/28,2E0,2,7498.0,,
2022/12/28,2E0,2,7921.0,,
2022/12/5,2E0,2,7513.0,2.0,62_102
2022/5/19,2E0,2,5060.0,2.0,13_68
2022/5/4,2E0,2,4786.0,,
2022/6/2,2E0,2,5301.0,,
2022/6/30,2E0,2,5762.0,,
2022/7/30,2E0,2,6153.0,,
2022/7/7,2E0,2,5829.0,2.0,86_120
2022/8/15,2E0,2,6271.0,,
2022/9/1,2E0,2,6404.0,,
2022/9/28,2E0,2,6752.0,,
2022/9/5,2E0,2,6438.0,3.0,13_70_109
2023/1/18,2E0,2,8196.0,2.0,74_117
2023/1/4,2E0,2,7921.0,2.0,6_115
2023/2/6,2E0,2,8498.0,,
2022/10/31,2E0,3,366.0,,
2022/11/28,2E0,3,632.0,,
2022/12/28,2E0,3,825.0,,
2022/5/4,2E0,3,0.0,,
2022/6/2,2E0,3,829.0,,
2022/6/30,2E0,3,829.0,,
2022/7/30,2E0,3,829.0,,
2022/8/15,2E0,3,829.0,,
2022/9/1,2E0,3,100.0,,
2022/9/28,2E0,3,269.0,,
2023/1/12,2E0,3,891.0,2.0,20_30
2023/1/27,2E0,3,1087.0,2.0,48_59
2023/2/6,2E0,3,1304.0,,
2022/10/31,2E0,4,6967.0,,
2022/11/18,2E0,4,8490.0,2.0,90_100
2022/11/28,2E0,4,14587.0,3.0,35_75_80
2022/12/21,2E0,4,7605.0,2.0,35_68
2022/12/26,2E0,4,7692.0,2.0,41_74
2022/12/28,2E0,4,7751.0,,
2022/12/5,2E0,4,7365.0,3.0,13_41_76
2022/2/17,2E0,4,3421.0,3.0,13_72_75
2022/3/31,2E0,4,3970.0,4.0,57_77_110_112
2022/5/4,2E0,4,4540.0,,
2022/6/2,2E0,4,5057.0,,
2022/6/30,2E0,4,5520.0,,
2022/7/30,2E0,4,5919.0,,
2022/8/15,2E0,4,6042.0,,
2022/8/30,2E0,4,6149.0,3.0,70_72_59
2022/9/1,2E0,4,6151.0,,
2022/9/28,2E0,4,6520.0,,
2023/1/11,2E0,4,7930.0,3.0,18_59_64
2023/1/24,2E0,4,8128.0,3.0,24_55_121
2023/2/1,2E0,4,8177.0,3.0,36_87_120
2023/2/6,2E0,4,8299.0,,
2022/10/31,2E0,5,6810.0,,
2022/10/5,2E0,5,6453.0,3.0,81_90_117
2022/11/28,2E0,5,7179.0,,
2022/12/21,2E0,5,7407.0,3.0,24_45_120
2022/12/28,2E0,5,7573.0,,
2022/12/5,2E0,5,7179.0,3.0,13_49_56
2022/3/15,2E0,5,3784.0,2.0,13_72
2022/3/28,2E0,5,3919.0,2.0,92_113
2022/5/4,2E0,5,4527.0,,
2022/5/9,2E0,5,4566.0,3.0,37_39_41
2022/6/2,2E0,5,4988.0,,
2022/6/30,2E0,5,5452.0,,
2022/7/30,2E0,5,5848.0,,
2022/8/15,2E0,5,5963.0,,
2022/9/1,2E0,5,6106.0,,
2022/9/12,2E0,5,6200.0,3.0,6_8_111
2022/9/28,2E0,5,6425.0,,
2023/1/24,2E0,5,7938.0,3.0,20_27_39
2023/1/4,2E0,5,7619.0,3.0,4_113_119
2023/2/6,2E0,5,8153.0,,
2022/10/31,2E0,6,6904.0,,
2022/11/28,2E0,6,7271.0,,
2022/12/17,2E0,6,7514.0,2.0,27_31
2022/12/28,2E0,6,7755.0,,
2022/5/11,2E0,6,4628.0,3.0,13_17_28
2022/5/4,2E0,6,4533.0,,
2022/6/2,2E0,6,5025.0,,
2022/6/30,2E0,6,5476.0,,
2022/7/30,2E0,6,5836.0,,
2022/8/15,2E0,6,5944.0,,
2022/9/1,2E0,6,6092.0,,
2022/9/28,2E0,6,6447.0,,
2023/1/21,2E0,6,8139.0,3.0,27_93_100
2023/1/4,2E0,6,7845.0,3.0,13_25_41
2023/2/6,2E0,6,8391.0,,
2022/10/31,2E0,7,13146.0,1.0,80
2022/10/5,2E0,7,6317.0,2.0,58_87
2022/11/17,2E0,7,6749.0,3.0,41_85_100
2022/11/18,2E0,7,8521.0,2.0,65_113
2022/11/28,2E0,7,6922.0,,
2022/12/17,2E0,7,7153.0,3.0,36_75_98
2022/12/28,2E0,7,7386.0,,
2022/12/9,2E0,7,7043.0,3.0,9_13_108
2022/4/7,2E0,7,3961.0,4.0,13_70_73_92
2022/5/28,2E0,7,4818.0,2.0,6_11
2022/5/4,2E0,7,4395.0,,
2022/6/14,2E0,7,5112.0,1.0,113
2022/6/2,2E0,7,4894.0,,
2022/6/30,2E0,7,5371.0,,
2022/7/30,2E0,7,5697.0,,
2022/8/15,2E0,7,5781.0,,
2022/8/19,2E0,7,5785.0,2.0,80_111
2022/9/1,2E0,7,5904.0,,
2022/9/28,2E0,7,6242.0,,
2022/9/5,2E0,7,5132.0,2.0,92_100
2023/1/11,2E0,7,7601.0,3.0,21_37_65
2023/1/18,2E0,7,7723.0,3.0,40_78_92
2023/2/6,2E0,7,7989.0,,
2022/10/14,2E0,8,6087.0,1.0,60
2022/10/20,2E0,8,6126.0,1.0,58
2022/10/31,2E0,8,6192.0,,
2022/11/11,2E0,8,6303.0,1.0,57
2022/11/28,2E0,8,6505.0,,
2022/12/19,2E0,8,6766.0,4.0,57_58_59_60
2022/12/27,2E0,8,6903.0,1.0,66
2022/12/28,2E0,8,6947.0,,
2022/3/15,2E0,8,3632.0,3.0,13_54_58
2022/5/4,2E0,8,4354.0,,
2022/6/2,2E0,8,4855.0,,
2022/6/28,2E0,8,5276.0,2.0,56_59
2022/6/30,2E0,8,5304.0,,
2022/7/30,2E0,8,5528.0,,
2022/8/15,2E0,8,5607.0,,
2022/9/1,2E0,8,5721.0,,
2022/9/28,2E0,8,6021.0,,
2022/9/5,2E0,8,5755.0,1.0,79
2023/1/11,2E0,8,7033.0,2.0,26_77
2023/1/21,2E0,8,7210.0,2.0,16_57
2023/1/4,2E0,8,6964.0,1.0,106
2023/2/1,2E0,8,7269.0,1.0,101
2023/2/6,2E0,8,7384.0,,
2022/10/13,2E0,9,6125.0,3.0,23_80_118
2022/10/31,2E0,9,12730.0,2.0,66_74
2022/11/28,2E0,9,6694.0,,
2022/12/14,2E0,9,6856.0,3.0,9_85_106
2022/12/27,2E0,9,7028.0,2.0,43_107
2022/12/28,2E0,9,7073.0,,
2022/3/4,2E0,9,3391.0,3.0,8_76_104
2022/5/20,2E0,9,4569.0,2.0,68_74
2022/5/4,2E0,9,4313.0,,
2022/6/2,2E0,9,4784.0,,
2022/6/27,2E0,9,5176.0,1.0,116
2022/6/30,2E0,9,5229.0,,
2022/7/30,2E0,9,5546.0,,
2022/8/15,2E0,9,5643.0,,
2022/8/27,2E0,9,5721.0,2.0,103_120
2022/9/1,2E0,9,5751.0,,
2022/9/28,2E0,9,6083.0,,
2023/1/11,2E0,9,7238.0,3.0,33_38_113
2023/1/16,2E0,9,7309.0,2.0,60_65
2023/1/24,2E0,9,7408.0,4.0,41_63_118_119
2023/2/1,2E0,9,7470.0,2.0,21_47
2023/2/6,2E0,9,7544.0,,
2022/10/31,2E0,10,6590.0,,
2022/11/21,2E0,10,6794.0,4.0,25_26_27_28
2022/11/28,2E0,10,6896.0,,
2022/11/9,2E0,10,6601.0,2.0,21_115
2022/12/26,2E0,10,7299.0,3.0,13_64_113
2022/12/28,2E0,10,7359.0,,
2022/3/21,2E0,10,3660.0,3.0,13_27_28
2022/5/4,2E0,10,4325.0,,
2022/6/2,2E0,10,4829.0,,
2022/6/30,2E0,10,5291.0,,
2022/7/30,2E0,10,5592.0,,
2022/8/15,2E0,10,5708.0,,
2022/9/1,2E0,10,5833.0,,
2022/9/28,2E0,10,6142.0,,
2023/1/16,2E0,10,7699.0,3.0,25_47_111
2023/2/6,2E0,10,8000.0,,
2022/10/31,2E0,11,11810.0,2.0,74_119
2022/10/5,2E0,11,5687.0,2.0,7_109
2022/11/11,2E0,11,6000.0,2.0,64_68
2022/11/28,2E0,11,6230.0,,
2022/12/21,2E0,11,6453.0,3.0,13_28_43
2022/12/28,2E0,11,6612.0,,
2022/12/5,2E0,11,6246.0,2.0,102_117
2022/4/7,2E0,11,3459.0,3.0,6_13_41
2022/5/4,2E0,11,3852.0,,
2022/6/2,2E0,11,4345.0,,
2022/6/30,2E0,11,4805.0,,
2022/7/30,2E0,11,5108.0,,
2022/7/7,2E0,11,4883.0,3.0,4_107_113
2022/8/15,2E0,11,5213.0,,
2022/9/1,2E0,11,5335.0,,
2022/9/28,2E0,11,5627.0,,
2023/1/18,2E0,11,6988.0,3.0,8_11_36
2023/2/6,2E0,11,7240.0,,
2022/10/14,2E0,12,5277.0,1.0,10
2022/10/31,2E0,12,5526.0,,
2022/11/28,2E0,12,5819.0,,
2022/12/21,2E0,12,6107.0,1.0,35
2022/12/28,2E0,12,6226.0,,
2022/4/29,2E0,12,3358.0,5.0,13_33_34_35_36
2022/5/4,2E0,12,3425.0,,
2022/6/2,2E0,12,3907.0,,
2022/6/30,2E0,12,4354.0,,
2022/7/30,2E0,12,4645.0,,
2022/8/15,2E0,12,4751.0,,
2022/9/1,2E0,12,4861.0,,
2022/9/28,2E0,12,5113.0,,
2022/9/5,2E0,12,4758.0,5.0,10_12_34_36_67
2023/1/4,2E0,12,6226.0,4.0,33_36_62_82
2023/2/6,2E0,12,6777.0,,
2022/10/31,2E0,13,5829.0,,
2022/11/28,2E0,13,6129.0,,
2022/12/11,2E0,13,6310.0,4.0,30_95_97_119
2022/12/21,2E0,13,6405.0,3.0,40_80_85
2022/12/28,2E0,13,6560.0,,
2022/5/4,2E0,13,7580.0,3.0,13_81_85
2022/6/2,2E0,13,4219.0,,
2022/6/30,2E0,13,4661.0,,
2022/7/30,2E0,13,4957.0,,
2022/8/15,2E0,13,5025.0,,
2022/8/8,2E0,13,4957.0,2.0,55_68
2022/9/1,2E0,13,5120.0,,
2022/9/23,2E0,13,5354.0,4.0,40_49_72_122
2022/9/28,2E0,13,5400.0,,
2023/1/18,2E0,13,6926.0,3.0,4_13_97
2023/2/6,2E0,13,7196.0,,
2022/10/31,2E0,14,5808.0,,
2022/11/2,2E0,14,6967.0,2.0,13_100
2022/11/28,2E0,14,6097.0,,
2022/12/28,2E0,14,6567.0,,
2022/5/4,2E0,14,3777.0,,
2022/5/9,2E0,14,3850.0,3.0,13_91_93
2022/6/2,2E0,14,4222.0,,
2022/6/30,2E0,14,4671.0,,
2022/7/30,2E0,14,4977.0,,
2022/8/15,2E0,14,5082.0,,
2022/9/1,2E0,14,5171.0,,
2022/9/12,2E0,14,5243.0,2.0,45_78
2022/9/28,2E0,14,5398.0,,
2023/1/12,2E0,14,6835.0,4.0,13_15_74_90
2023/2/6,2E0,14,7185.0,,
2022/10/31,2E0,15,5745.0,,
2022/11/18,2E0,15,6775.0,1.0,40
2022/11/2,2E0,15,6825.0,3.0,42_78_113
2022/11/28,2E0,15,6030.0,,
2022/12/11,2E0,15,6176.0,3.0,30_57_59
2022/12/28,2E0,15,6450.0,,
2022/5/4,2E0,15,3737.0,,
2022/6/2,2E0,15,4164.0,,
2022/6/30,2E0,15,4611.0,,
2022/7/30,2E0,15,4914.0,,
2022/8/15,2E0,15,5017.0,,
2022/9/1,2E0,15,5110.0,,
2022/9/23,2E0,15,5300.0,4.0,13_15_32_75
2022/9/28,2E0,15,5342.0,,
2023/2/6,2E0,15,7090.0,,
2022/10/31,2E0,16,4870.0,,
2022/11/28,2E0,16,5110.0,,
2022/12/11,2E0,16,5195.0,1.0,90
2022/12/28,2E0,16,5469.0,,
2022/12/5,2E0,16,5127.0,2.0,37_73
2022/5/4,2E0,16,2899.0,,
2022/6/2,2E0,16,3313.0,,
2022/6/28,2E0,16,3714.0,2.0,13_74
2022/6/30,2E0,16,3745.0,,
2022/7/30,2E0,16,4032.0,,
2022/8/15,2E0,16,4140.0,,
2022/9/1,2E0,16,4231.0,,
2022/9/28,2E0,16,4472.0,,
2023/1/4,2E0,16,5532.0,3.0,29_31_58
2023/2/6,2E0,16,5712.0,,
2022/10/20,2E0,17,5055.0,3.0,13_25_109
2022/10/31,2E0,17,5204.0,,
2022/11/28,2E0,17,5380.0,,
2022/12/28,2E0,17,5824.0,,
2022/5/4,2E0,17,3366.0,,
2022/6/2,2E0,17,3756.0,,
2022/6/30,2E0,17,4171.0,,
2022/7/23,2E0,17,4337.0,2.0,85_89
2022/7/30,2E0,17,4438.0,,
2022/8/15,2E0,17,4533.0,,
2022/9/1,2E0,17,4610.0,,
2022/9/28,2E0,17,4847.0,,
2023/2/6,2E0,17,6409.0,,
2022/10/31,2E0,18,4994.0,,
2022/11/28,2E0,18,5180.0,,
2022/12/26,2E0,18,5515.0,2.0,13_65
2022/12/28,2E0,18,5573.0,,
2022/5/4,2E0,18,3261.0,,
2022/6/2,2E0,18,3562.0,,
2022/6/30,2E0,18,3970.0,,
2022/7/30,2E0,18,4220.0,,
2022/8/13,2E0,18,5578.0,1.0,57
2022/8/15,2E0,18,4316.0,,
2022/9/1,2E0,18,4387.0,,
2022/9/28,2E0,18,4627.0,,
2023/1/12,2E0,18,5838.0,3.0,32_66_85
2023/2/6,2E0,18,6172.0,,
2022/10/31,2E0,19,4988.0,,
2022/11/28,2E0,19,5190.0,,
2022/12/28,2E0,19,5625.0,,
2022/5/4,2E0,19,3299.0,,
2022/6/2,2E0,19,3632.0,,
2022/6/30,2E0,19,4032.0,,
2022/7/30,2E0,19,4232.0,,
2022/8/15,2E0,19,4312.0,,
2022/8/8,2E0,19,4264.0,3.0,13_74_117
2022/9/1,2E0,19,4413.0,,
2022/9/12,2E0,19,4488.0,2.0,118_120
2022/9/28,2E0,19,4609.0,,
2023/2/6,2E0,19,6231.0,,
2022/10/31,2G0,1,1019.0,,
2022/11/28,2G0,1,1082.0,,
2022/12/28,2G0,1,1427.0,,
2022/5/4,2G0,1,0.0,,
2022/6/2,2G0,1,133.0,,
2022/6/30,2G0,1,331.0,,
2022/7/30,2G0,1,455.0,,
2022/8/15,2G0,1,511.0,,
2022/9/1,2G0,1,552.0,,
2022/9/28,2G0,1,715.0,,
2023/2/6,2G0,1,1940.0,,
2022/10/31,2G0,2,108.0,,
2022/11/28,2G0,2,133.0,,
2022/12/28,2G0,2,469.0,,
2022/5/4,2G0,2,0.0,,
2022/6/2,2G0,2,0.0,,
2022/6/30,2G0,2,0.0,,
2022/7/30,2G0,2,0.0,,
2022/8/15,2G0,2,0.0,,
2022/9/1,2G0,2,100.0,,
2022/9/28,2G0,2,108.0,,
2023/2/6,2G0,2,970.0,,
2022/10/31,2G0,3,490.0,,
2022/11/28,2G0,3,543.0,,
2022/12/28,2G0,3,869.0,,
2022/5/4,2G0,3,0.0,,
2022/6/2,2G0,3,0.0,,
2022/6/30,2G0,3,0.0,,
2022/7/30,2G0,3,0.0,,
2022/8/15,2G0,3,0.0,,
2022/9/1,2G0,3,96.0,,
2022/9/28,2G0,3,202.0,,
2023/2/6,2G0,3,1357.0,,
2022/10/31,2G0,4,2887.0,,
2022/11/28,2G0,4,2941.0,,
2022/12/28,2G0,4,3268.0,,
2022/5/4,2G0,4,1806.0,,
2022/6/2,2G0,4,1969.0,,
2022/6/30,2G0,4,2260.0,,
2022/7/30,2G0,4,2378.0,,
2022/8/15,2G0,4,2427.0,,
2022/9/1,2G0,4,2468.0,,
2022/9/28,2G0,4,2595.0,,
2023/2/6,2G0,4,3464.0,,
2022/10/31,2G0,5,1091.0,,
2022/11/28,2G0,5,1140.0,,
2022/12/28,2G0,5,1463.0,,
2022/5/4,2G0,5,1659.0,,
2022/6/2,2G0,5,196.0,,
2022/6/30,2G0,5,477.0,,
2022/7/30,2G0,5,580.0,,
2022/8/15,2G0,5,628.0,,
2022/9/1,2G0,5,670.0,,
2022/9/28,2G0,5,807.0,,
2023/2/6,2G0,5,1943.0,,
2022/10/31,2G0,6,2288.0,,
2022/11/28,2G0,6,2328.0,,
2022/12/28,2G0,6,2650.0,,
2022/5/4,2G0,6,1291.0,,
2022/6/2,2G0,6,1429.0,,
2022/6/30,2G0,6,1706.0,,
2022/7/30,2G0,6,1806.0,,
2022/8/15,2G0,6,1855.0,,
2022/9/1,2G0,6,1894.0,,
2022/9/28,2G0,6,2020.0,,
2023/2/6,2G0,6,3116.0,,
2022/10/31,2G0,7,2351.0,,
2022/11/28,2G0,7,2384.0,,
2022/12/28,2G0,7,2693.0,,
2022/5/4,2G0,7,1389.0,,
2022/6/2,2G0,7,1519.0,,
2022/6/30,2G0,7,1782.0,,
2022/7/30,2G0,7,1880.0,,
2022/8/15,2G0,7,1923.0,,
2022/9/1,2G0,7,1959.0,,
2022/9/28,2G0,7,2078.0,,
2023/2/6,2G0,7,3152.0,,
2022/10/31,2G0,8,1623.0,,
2022/11/28,2G0,8,1637.0,,
2022/12/28,2G0,8,1933.0,,
2022/4/18,2G0,8,4140.0,3.0,42_57_60
2022/5/4,2G0,8,1072.0,,
2022/6/2,2G0,8,1163.0,,
2022/6/30,2G0,8,1163.0,,
2022/7/30,2G0,8,1189.0,,
2022/8/15,2G0,8,1232.0,,
2022/9/1,2G0,8,1268.0,,
2022/9/28,2G0,8,1373.0,,
2023/2/6,2G0,8,2383.0,,
2022/10/31,2G0,9,2021.0,,
2022/11/28,2G0,9,2056.0,,
2022/12/28,2G0,9,2360.0,,
2022/5/4,2G0,9,1111.0,,
2022/6/2,2G0,9,1236.0,,
2022/6/30,2G0,9,1500.0,,
2022/7/30,2G0,9,1596.0,,
2022/8/15,2G0,9,1636.0,,
2022/9/1,2G0,9,1669.0,,
2022/9/28,2G0,9,1769.0,,
2023/2/6,2G0,9,2783.0,,
2022/10/31,2G0,10,1957.0,,
2022/11/28,2G0,10,1991.0,,
2022/12/28,2G0,10,2277.0,,
2022/4/22,2G0,10,4123.0,3.0,25_26_117
2022/5/4,2G0,10,1095.0,,
2022/6/2,2G0,10,1213.0,,
2022/6/30,2G0,10,1467.0,,
2022/7/30,2G0,10,1559.0,,
2022/8/15,2G0,10,1600.0,,
2022/9/1,2G0,10,1630.0,,
2022/9/28,2G0,10,1724.0,,
2023/2/6,2G0,10,2697.0,,
2022/10/31,2G0,11,1820.0,,
2022/11/28,2G0,11,1851.0,,
2022/12/28,2G0,11,2114.0,,
2022/5/4,2G0,11,1004.0,,
2022/6/2,2G0,11,1114.0,,
2022/6/30,2G0,11,1365.0,,
2022/7/30,2G0,11,1459.0,,
2022/8/15,2G0,11,1495.0,,
2022/9/1,2G0,11,1524.0,,
2022/9/28,2G0,11,1603.0,,
2023/2/6,2G0,11,2521.0,,
2022/10/31,2G0,12,1655.0,,
2022/11/28,2G0,12,1676.0,,
2022/12/28,2G0,12,1676.0,,
2022/5/4,2G0,12,879.0,,
2022/6/2,2G0,12,992.0,,
2022/6/30,2G0,12,1227.0,,
2022/7/30,2G0,12,1314.0,,
2022/8/15,2G0,12,1354.0,,
2022/9/1,2G0,12,1383.0,,
2022/9/28,2G0,12,1451.0,,
2023/2/6,2G0,12,1676.0,,
2022/10/31,2G0,13,1478.0,,
2022/11/28,2G0,13,1506.0,,
2022/12/28,2G0,13,1755.0,,
2022/5/4,2G0,13,752.0,,
2022/6/2,2G0,13,863.0,,
2022/6/30,2G0,13,1082.0,,
2022/7/30,2G0,13,1157.0,,
2022/8/15,2G0,13,1193.0,,
2022/9/1,2G0,13,1218.0,,
2022/9/28,2G0,13,1280.0,,
2023/2/6,2G0,13,2133.0,,
2022/10/31,2G0,14,1276.0,,
2022/11/28,2G0,14,1298.0,,
2022/12/28,2G0,14,1522.0,,
2022/5/4,2G0,14,603.0,,
2022/6/2,2G0,14,702.0,,
2022/6/30,2G0,14,904.0,,
2022/7/30,2G0,14,977.0,,
2022/8/15,2G0,14,1014.0,,
2022/9/1,2G0,14,1034.0,,
2022/9/28,2G0,14,1084.0,,
2023/2/6,2G0,14,1877.0,,
2022/10/31,2G0,15,1064.0,,
2022/11/28,2G0,15,1088.0,,
2022/12/28,2G0,15,1298.0,,
2022/5/4,2G0,15,479.0,,
2022/6/2,2G0,15,563.0,,
2022/6/30,2G0,15,735.0,,
2022/7/30,2G0,15,800.0,,
2022/8/15,2G0,15,834.0,,
2022/9/1,2G0,15,849.0,,
2022/9/28,2G0,15,887.0,,
2023/2/6,2G0,15,1629.0,,
2022/10/31,2G0,16,906.0,,
2022/11/28,2G0,16,926.0,,
2022/12/28,2G0,16,1122.0,,
2022/5/4,2G0,16,386.0,,
2022/6/2,2G0,16,461.0,,
2022/6/30,2G0,16,602.0,,
2022/7/30,2G0,16,665.0,,
2022/8/15,2G0,16,697.0,,
2022/9/1,2G0,16,710.0,,
2022/9/28,2G0,16,740.0,,
2023/2/6,2G0,16,1441.0,,
2022/10/31,2G0,17,766.0,,
2022/11/28,2G0,17,769.0,,
2022/12/28,2G0,17,942.0,,
2022/5/4,2G0,17,331.0,,
2022/6/2,2G0,17,392.0,,
2022/6/30,2G0,17,492.0,,
2022/7/30,2G0,17,543.0,,
2022/8/15,2G0,17,568.0,,
2022/9/1,2G0,17,578.0,,
2022/9/28,2G0,17,610.0,,
2023/2/6,2G0,17,1200.0,,
2022/10/31,2G0,18,631.0,,
2022/11/28,2G0,18,652.0,,
2022/12/28,2G0,18,810.0,,
2022/5/4,2G0,18,288.0,,
2022/6/2,2G0,18,338.0,,
2022/6/30,2G0,18,408.0,,
2022/7/30,2G0,18,449.0,,
2022/8/15,2G0,18,467.0,,
2022/9/1,2G0,18,470.0,,
2022/9/28,2G0,18,502.0,,
2023/2/6,2G0,18,1050.0,,
2022/10/31,2G0,19,488.0,,
2022/11/28,2G0,19,506.0,,
2022/12/28,2G0,19,648.0,,
2022/5/4,2G0,19,214.0,,
2022/6/2,2G0,19,256.0,,
2022/6/30,2G0,19,297.0,,
2022/7/30,2G0,19,328.0,,
2022/8/15,2G0,19,344.0,,
2022/9/1,2G0,19,345.0,,
2022/9/28,2G0,19,369.0,,
2023/2/6,2G0,19,847.0,,
